0;1.0;0.0;1.5;0.681825;1.5;0.818175;1.22727;0.95454;1.5;-0.13636500000000001;1.5;0.0;1.22727;-0.681825;0.95454;0.409095;1.5;-0.95454;1.5;-0.409095;1.363635;-0.681825;1.5;0.11624999999999999;1.5;-0.13636500000000001;1.5;0.13300499999999998;1.5;0.5454600000000001;1.5;0.95454;1.090905;0.0;1.0
1;1.0;0.0;0.491835;0.16563;0.23955;0.43962;0.2103;1.117275;-0.376965;1.379895;-0.24754500000000002;0.39996;-0.9557100000000001;0.372975;-1.46475;-0.0050550000000000005;-0.348405;-0.298635;-0.45782999999999996;-0.73329;-0.21639;-1.3498649999999999;0.140175;-0.43373999999999996;0.424605;-0.2784;0.593985;-0.17247;0.465075;0.08421000000000001;0.321645;0.3081;0.20063999999999999;0.0;1.0
2;1.0;0.0;1.4030550000000002;0.204675;1.40574;0.380385;1.285575;0.581685;1.185585;0.706905;1.08528;0.89913;0.9788999999999999;1.125;0.76245;1.10379;0.624435;1.24113;0.383085;1.28928;0.20567999999999997;1.284225;0.00741;1.333035;-0.11041499999999999;1.1966999999999999;-0.314925;1.1700599999999999;-0.49753499999999995;1.07181;-0.5779799999999999;0.9654450000000001;-0.711285;0.0;1.0
3;1.0;0.0;1.5;0.006494999999999999;1.5;-0.018135;1.5;-0.0444;1.5;-0.10521;1.467585;-0.09384;1.5;-0.09816;1.458915;-0.118755;1.3884150000000002;-0.204975;1.41276;-0.214905;1.493835;-0.21372;1.422225;-0.203475;1.342035;-0.312765;1.3360049999999999;-0.268635;1.28466;-0.27827999999999997;1.256655;-0.301515;1.258005;0.0;1.0
4;1.0;0.0;1.254135;0.19822499999999998;1.082565;0.090885;0.9874350000000001;0.124725;0.35832;0.194415;0.657555;0.30495;0.74127;0.19029000000000001;0.6712049999999999;0.20260499999999998;0.44028;0.04383;0.72237;0.23634;0.492525;0.21924000000000002;0.44242499999999996;0.21957000000000002;0.39654;0.21795000000000003;0.354615;0.21470999999999998;0.39643500000000004;0.24205500000000002;0.281505;0.20448;0.24982500000000002;0.0;1.0
5;1.0;0.0;1.5;0.09806999999999999;1.5;0.31119;1.5;0.394215;1.395765;0.48319500000000004;1.301595;0.585585;1.13211;0.7512300000000001;1.193325;0.7848149999999999;0.98931;0.91134;0.864285;0.9449850000000001;0.717105;1.007025;0.608295;1.0326;0.51576;1.0812300000000001;0.41567999999999994;1.0857899999999998;0.28944;1.06023;0.17058;1.09032;0.10485;0.0;1.0
6;1.0;0.0;1.36398;0.131865;1.29792;0.25332;1.5;0.24896999999999997;0.8278049999999999;1.02231;1.053105;0.5507850000000001;0.24429;0.641085;0.8643000000000001;0.69129;0.7660049999999999;0.74427;0.47458500000000003;0.194505;0.5673600000000001;0.8169299999999999;0.46911;0.83739;0.37284;0.8479050000000001;0.27939;0.849075;0.189525;0.841515;0.103905;0.8259150000000001;0.18205500000000002;0.0;1.0
7;1.0;0.0;1.33206;0.57207;0.9888899999999999;1.041465;0.43722000000000005;1.31838;-0.10089000000000001;1.352025;-0.593955;1.206615;-0.96861;0.8475299999999999;-1.2444;0.40359;-1.1841;-0.12307499999999999;-0.9417;-0.46412999999999993;-0.699555;-0.8340750000000001;-0.24673499999999998;-0.9650699999999999;0.14343;-0.9158250000000001;0.45609;-0.7258800000000001;0.648405;-0.44756999999999997;0.705435;-0.141915;0.63228;0.0;1.0
8;1.0;0.0;-1.5;-0.895155;0.0;0.0;-1.5;0.9677399999999999;-1.3064550000000001;1.5;0.0;0.0;0.0;0.0;0.0;0.0;0.0;0.0;0.0;0.0;-1.5;-1.5;0.0;0.0;0.447585;0.350805;1.5;0.774195;0.0;0.0;0.0;0.0;0.0;0.0;0.0
9;1.0;0.0;0.49251;0.0378;0.22854;0.31917;0.22378499999999998;1.110045;-0.38559;1.38486;-0.15468;0.2907;-0.92028;0.38678999999999997;-1.410795;-0.081135;-0.196755;-0.214935;-0.45472499999999993;-0.669225;-0.17113499999999998;-1.283955;0.04002;-0.34179000000000004;0.41913;-0.09442500000000001;0.506055;-0.17814000000000002;0.414855;-0.17113499999999998;0.22616999999999998;0.19944;0.18295499999999998;0.0;1.0
10;1.0;0.0;1.090905;-0.07500000000000001;1.338615;0.05193;1.5;1.090905;0.99546;-0.08863499999999999;0.7227300000000001;-0.25227;1.227135;0.14338499999999998;0.8522700000000001;1.5;0.7568250000000001;0.32727;1.00227;0.15000000000000002;1.5;-0.44999999999999996;1.47954;-1.5;0.8590949999999999;0.49090500000000004;0.85473;0.22009499999999999;0.634095;0.12273;0.733905;0.219645;1.5;0.0;0.0
11;1.0;0.0;1.5;-0.082935;1.5;-1.5;0.75;-0.166665;0.541665;-0.33333;1.5;-0.38568;0.25000500000000003;-0.166665;1.5;-0.5199;1.5;-0.582795;1.5;-0.64293;0.0;-0.375;1.5;-0.7549950000000001;1.5;-0.41667000000000004;1.5;-0.8563799999999999;1.5;-0.41667000000000004;1.5;-0.9473400000000001;1.5;0.0;0.0
12;1.0;0.0;1.26201;-0.27543;0.65466;0.043785000000000004;1.4013149999999999;-0.004005;1.319205;0.20692499999999997;1.216815;-0.026834999999999998;1.328385;0.824865;1.37571;-0.86229;1.125;-0.4428;1.3001399999999999;-0.30156;1.5;1.5;0.69915;-0.24434999999999998;1.35099;-0.04167;1.40037;-0.01737;0.92373;-0.48446999999999996;1.266945;-0.38559;1.399845;0.0;1.0
13;1.0;0.0;1.468575;0.23714999999999997;1.35168;0.528555;1.230585;0.728415;1.0764;0.97332;0.8824049999999999;1.1061450000000002;0.605235;1.24734;0.3771;1.27206;0.07050000000000001;1.282125;-0.182895;1.1962350000000002;-0.39269999999999994;1.21131;-0.5675250000000001;1.07514;-0.76551;0.87486;-0.8638049999999999;0.6906;-0.928485;0.46194;-0.98631;0.275175;-0.96201;0.0;1.0
14;1.0;0.0;1.2706950000000001;-0.050955;1.29618;-0.127395;1.229295;0.0;1.105095;-0.114645;1.079625;-0.20382;1.124205;-0.175155;1.162425;-0.28026;1.17198;-0.318465;0.92994;-0.152865;1.1878950000000001;-0.235665;1.34076;-0.050955;1.27389;-0.391725;1.1117249999999999;-0.34968;0.99363;-0.334395;1.089165;-0.5668799999999999;0.987255;0.0;1.0
15;0.0;0.0;0.0;0.0;0.0;0.0;0.0;0.0;0.0;0.0;0.0;0.0;0.0;0.0;0.0;0.0;0.0;0.0;0.0;0.0;0.0;0.0;0.0;0.0;0.0;0.0;1.5;-1.5;0.0;0.0;0.0;0.0;0.0;0.0;0.0
16;1.0;0.0;1.383705;-0.29172;1.446285;-0.26511;1.30536;-0.33903;1.22553;-0.40605;1.189065;-0.433635;1.05453;-0.744585;0.9500700000000001;-0.749505;0.55881;-1.060935;0.40605;-1.081635;0.60759;-0.81258;0.5026349999999999;-0.8953650000000001;0.22125;-0.954015;0.13968;-0.893835;-0.10743;-0.82392;-0.0276;-0.81111;-0.111855;0.0;1.0
17;0.0;0.0;0.0;0.0;0.0;0.0;0.0;0.0;0.0;0.0;0.0;0.0;0.0;0.0;0.0;0.0;0.0;0.0;0.0;0.0;0.0;0.0;0.0;0.0;0.0;0.0;1.5;1.5;0.0;0.0;0.0;0.0;0.0;0.0;0.0
18;1.0;0.0;1.342575;-0.04752;1.312875;0.083175;1.342575;0.020790000000000003;1.393065;0.041580000000000006;1.369305;-0.014850000000000002;1.410885;-0.02376;1.378215;0.05049000000000001;1.4049449999999999;0.0;1.413855;0.020790000000000003;1.357425;0.01188;1.330695;-0.026729999999999997;1.3396050000000002;0.03564;1.3350300000000002;0.024165;1.321785;0.00297;1.309905;0.062369999999999995;1.3009950000000001;0.0;1.0
19;1.0;0.0;1.1170200000000001;0.15957;1.33059;0.01473;1.32813;0.022065;1.30851;-0.02127;1.09575;0.15957;1.3148549999999999;0.04368;1.308525;0.050730000000000004;1.436175;0.117015;1.425525;0.06382499999999999;1.283955;0.071145;1.273965;0.07767;1.30851;0.17021999999999998;1.2514349999999999;0.09021;1.1170200000000001;-0.05319;1.2256500000000001;0.10200000000000001;1.21161;0.0;1.0
20;1.0;0.0;1.102845;-0.574395;1.202265;0.15417;1.1823899999999998;0.22898999999999997;0.8336999999999999;0.07877999999999999;1.5;0.31837499999999996;1.079205;0.43431000000000003;1.03197;0.49387499999999995;0.74508;0.259305;0.9649949999999999;-0.042675;0.860985;0.63792;0.7968;0.67308;1.41795;0.863235;0.66261;0.723;0.18709499999999998;1.5;0.52605;0.745815;0.45882;0.0;1.0
21;1.0;0.0;0.499995;-0.375;0.66666;0.33333;0.583335;0.25000500000000003;0.625005;0.20833500000000002;0.75;-0.166665;0.823665;-0.126645;0.874995;0.499995;0.8333400000000001;0.04167;0.375;-0.29166000000000003;0.7083299999999999;-0.08334;0.7916700000000001;-0.04167;0.583335;0.124995;0.6231450000000001;-0.21383999999999997;0.29166000000000003;-0.20833500000000002;0.55386;-0.222135;0.124995;0.0;1.0
22;1.0;0.0;1.149405;0.31659;0.959025;0.57168;0.726135;0.7875000000000001;0.22499999999999998;0.33409500000000003;0.206295;0.893475;-0.11590500000000001;0.668175;0.0;0.7295400000000001;-0.412365;0.63021;-0.8420399999999999;0.55227;-0.548865;0.28296;-0.6079950000000001;0.11382;-0.577245;-0.048435;-0.50913;-0.18729;-0.41309999999999997;-0.29571000000000003;-0.29943;-0.36972;-0.17841;0.0;1.0
23;1.0;0.0;1.19745;0.14125500000000002;1.171935;0.30984;1.07442;0.42101999999999995;1.0398;0.61878;0.988755;0.75183;0.8684700000000001;0.91221;0.73815;0.8766750000000001;0.50031;1.0179150000000001;0.443805;0.9532200000000001;0.143985;1.02156;0.030990000000000004;1.08354;-0.13122;0.9477450000000001;-0.178875;0.9104400000000001;-0.27339;0.840225;-0.38273999999999997;0.775515;-0.41008500000000003;0.0;1.0
24;1.0;0.0;1.5;0.036915;1.4950800000000002;0.07291500000000001;1.4631750000000001;0.10714499999999999;0.9261750000000001;-1.5;1.36554;0.167205;1.32693;0.8046;1.231155;0.212055;1.1539350000000002;0.227835;1.5;0.6150450000000001;0.9877499999999999;0.24556499999999998;0.90207;0.24774000000000002;0.8166900000000001;0.24584999999999999;0.733005;0.240285;0.652215;0.23154;0.57528;0.22015500000000002;1.5;0.0;0.0
25;1.0;0.0;1.5;-0.238485;1.08471;0.41529;1.251645;-0.8758199999999999;1.5;-0.42310499999999995;1.5;-0.7479450000000001;1.19943;-0.187905;1.152555;0.21957000000000002;1.5;0.590055;1.5;0.39885000000000004;1.4453099999999999;-0.028365;1.388985;-1.37007;1.5;0.222045;1.5;-0.17373;1.5;-0.166935;1.5;0.80058;1.5;0.0;1.0
26;1.0;0.0;1.5;1.5;-1.5;1.5;-1.5;-1.23684;0.5197350000000001;0.315795;0.690795;0.10527;0.342105;0.08553;0.52632;0.5197350000000001;1.092105;-0.059204999999999994;0.342105;0.7960499999999999;0.0;0.0;-0.447375;-0.24342000000000003;1.5;-1.000005;1.5;-1.5;1.5;-0.368415;0.52632;0.30262500000000003;1.243425;0.0;0.0
27;1.0;0.0;0.0;0.0;0.0;0.0;0.0;0.0;-1.275;-1.5;0.0;0.0;1.5;-1.5;0.0;0.0;-1.5;-1.5;-1.5;-1.5;1.5;-1.5;-0.8999999999999999;-1.5;1.5;1.5;-1.5;-0.30000000000000004;1.5;-1.5;0.0;1.5;0.0;0.0;0.0
28;0.0;0.0;-1.5;1.5;1.5;-1.5;-1.5;1.5;0.0;0.0;1.5;1.5;-1.5;-0.28125;1.5;1.5;-1.5;-1.5;1.5;-1.5;-1.5;-1.5;1.5;1.5;1.5;-1.5;1.5;1.5;1.5;1.5;0.0;0.0;-1.5;0.0;0.0
29;1.0;0.0;1.187355;0.252765;0.0;0.0;0.848115;0.10311;0.59202;1.5;0.575385;1.493355;-0.036585;0.798225;0.355875;0.1929;-0.039915000000000006;1.4268299999999998;-0.7649699999999999;1.27383;-0.153;0.5820449999999999;-0.6385799999999999;0.355875;-1.37361;1.21065;-0.5121899999999999;1.32372;-1.5;1.041015;-1.5;0.1929;0.0;0.0;0.0
30;1.0;0.0;1.5;-0.677415;1.5;1.5;1.06824;-1.5;0.0;0.0;0.0;0.0;0.0;0.0;-1.5;0.21774000000000002;0.81141;-0.58995;-1.5;-0.817005;-1.049625;1.5;0.0;0.0;1.5;1.360425;0.774195;1.5;1.5;-0.301485;0.38522999999999996;1.5;-0.48573;0.0;0.0
31;1.0;0.0;1.4048699999999998;0.526605;1.12881;0.9845999999999999;0.683565;1.32864;0.22984500000000002;1.43664;-0.326625;1.444515;-0.848025;1.250955;-1.181265;0.8706750000000001;-1.39656;0.3903;-1.404615;-0.09627;-1.30542;-0.6142350000000001;-0.976185;-1.01196;-0.551985;-1.274265;-0.06867000000000001;-1.368315;0.40995;-1.2864300000000002;0.822405;-1.044195;1.12242;0.0;1.0
32;1.0;0.0;1.5;0.8235299999999999;0.9411749999999999;1.5;0.029414999999999997;1.5;-0.7353000000000001;1.382355;-1.235295;0.88236;-1.5;0.176475;-1.44117;-0.499995;-0.97059;-1.0294050000000001;-0.352935;-1.294125;0.5294099999999999;-1.5;1.11765;-1.088235;1.382355;-0.323535;1.39311;0.32814;1.088235;0.852945;0.352935;1.35294;-0.176475;0.0;1.0
33;1.0;0.0;0.40000500000000005;-0.15000000000000002;0.799995;0.0;0.499995;-0.199995;0.550005;0.175005;0.850005;0.025005;1.075005;0.124995;1.0499999999999998;-0.10000499999999998;0.799995;0.30000000000000004;0.625005;-0.025005;0.475005;0.30000000000000004;1.0499999999999998;0.0;0.375;0.199995;0.69321;0.081585;0.6000000000000001;0.049995;0.700005;0.049995;0.625005;0.0;1.0
34;1.0;0.0;0.935025;-0.05235;0.8862749999999999;0.007215;0.906135;-0.11191499999999999;0.9476550000000001;0.014445;0.936825;-0.11191499999999999;1.00542;0.10830000000000001;0.94404;-0.12636;1.012635;0.13719;1.00722;0.0;0.884475;0.15162;0.7509000000000001;0.046935;0.9891749999999999;0.211185;0.906945;0.030285;0.7707599999999999;0.06677999999999999;0.9259950000000001;-0.014445;0.9205800000000001;0.0;1.0
35;1.0;0.0;1.5;0.0;1.5;0.0;0.75;0.75;1.125;0.0;1.368015;0.18141000000000002;1.3360049999999999;0.21315;1.30383;0.24342000000000003;1.125;0.375;1.125;0.75;1.125;0.0;1.5;-0.375;0.75;0.75;1.10916;0.39582;1.125;0.375;1.0445250000000001;0.43611;1.0123950000000002;0.0;1.0
36;1.0;0.0;0.321435;-0.14286000000000001;0.499995;0.10714499999999999;0.28572000000000003;0.28572000000000003;0.35715;0.14286000000000001;0.60714;0.035715000000000004;0.46428;-0.07143000000000001;0.46428;-0.07143000000000001;0.42856500000000003;-0.178575;0.499995;0.07143000000000001;0.46428;0.0;0.321435;-0.178575;0.53571;-0.07143000000000001;0.331635;-0.03435;0.28572000000000003;0.0;0.25495500000000004;-0.030510000000000002;0.22041;0.0;1.0
37;1.0;0.0;1.068795;-0.038925;0.619305;-0.346005;1.470285;-0.142095;1.495635;-0.15354;1.5;-0.164265;0.884475;1.5;1.25589;-1.5;1.2340499999999999;-0.267945;1.2114;-0.423855;-0.38871;1.3909500000000001;0.7789949999999999;0.08184;0.982395;-0.30588;1.39686;-0.619605;0.9571649999999999;-0.328515;1.29204;-1.3103099999999999;-0.34779000000000004;0.0;0.0
38;1.0;0.0;1.28604;0.0011250000000000001;1.2289050000000001;-0.08514;1.162815;-0.06273000000000001;1.264755;0.135555;1.29387;0.179235;1.320765;-0.09186;1.17513;0.05265;1.255785;-0.10194;1.25355;-0.21284999999999998;1.321875;0.017925;1.357725;0.0336;1.19529;-0.02913;1.2357449999999999;-0.05517;1.321875;-0.09634499999999999;1.10904;-0.02913;1.186335;0.0;1.0
39;0.0;0.0;1.5;-1.5;-1.5;1.5;-1.5;1.5;1.5;1.5;1.5;1.5;-1.5;-1.5;-1.5;-1.5;1.5;1.5;1.5;-1.5;-1.5;-1.5;-1.5;-1.5;1.5;0.0;1.5;-1.5;1.5;-1.5;-1.5;1.5;-1.5;0.0;0.0
40;1.0;0.0;1.14069;0.01638;1.2950249999999999;0.0038699999999999997;1.287315;0.00576;1.19982;0.03456;1.22256;0.18102;1.24644;0.01116;1.227225;0.012810000000000002;1.241655;-0.10461;1.1479650000000001;0.058214999999999996;1.154685;0.01722;1.126065;0.01848;1.15707;-0.004545;1.06329;0.020625;0.992415;0.012735;0.99447;0.022260000000000002;0.9583050000000001;0.0;1.0
41;1.0;0.0;1.5;-0.036015;1.4121000000000001;0.09796500000000001;1.38159;-0.348825;1.15728;-0.245985;0.7919700000000001;-0.30412500000000003;0.846135;-0.010679999999999999;0.515925;-0.41185499999999997;0.7941;-0.3267;0.676605;-0.267195;0.08973;-0.533625;0.034635;-0.793185;0.04929;-0.9773700000000001;0.19934999999999997;-0.79809;0.036465;-0.932955;-0.085605;-0.8935949999999999;-0.06912;0.0;1.0
42;1.0;0.0;0.37973999999999997;0.5392349999999999;0.0;0.0;-0.44430000000000003;-1.5;0.0;0.0;0.113925;-0.11013;0.0;0.0;0.0;0.0;0.0;0.0;0.0;0.0;0.011385000000000001;1.021515;-0.30000000000000004;0.505065;-0.1557;0.53544;0.08355;-1.5;0.0;0.0;0.09493499999999999;-1.5;0.0;0.0;0.0
43;1.0;0.0;0.9572399999999999;1.5;0.31249499999999997;-1.5;1.5;1.5;1.315785;0.463815;-1.00329;1.5;-0.088815;0.88158;0.02631;0.07566;-0.773025;-1.5;0.21381;-0.049335000000000004;0.490125;-0.6578999999999999;-1.5;1.5;1.2138149999999999;-1.5;1.5;-0.0921;1.5;1.5;0.30921;-1.5;1.5;0.0;0.0
44;1.0;0.0;1.41078;-0.022965;1.41255;0.015015;1.4249100000000001;-0.022080000000000002;1.43817;-0.0159;1.4196149999999998;-0.055650000000000005;1.457595;-0.026505;1.455825;-0.058305;1.431975;-0.06096;1.42845;-0.070665;1.413435;-0.032685;1.392225;-0.06625500000000001;1.380735;-0.06714;1.390425;-0.08740500000000001;1.35513;-0.11218499999999999;1.3798650000000001;-0.10866;1.380735;0.0;1.0
45;1.0;0.0;0.8841000000000001;-0.913905;1.28145;0.82947;1.21689;0.109275;0.849345;0.243375;0.491715;0.36258;0.7549650000000001;0.18378;0.958605;0.29802;1.07781;0.640725;0.814575;0.20860499999999998;0.97848;0.417225;1.03311;0.109275;0.7780799999999999;0.399795;0.735195;0.41530500000000004;0.6932400000000001;0.42861;0.6522600000000001;0.43986000000000003;0.612315;0.0;1.0
46;1.0;0.0;1.5;0.34587;1.5;-1.177635;1.5;-0.15601500000000001;1.5;0.23121;1.5;0.4173;1.4718;-0.102915;1.5;0.09915000000000002;1.43703;-0.28430999999999995;1.25376;-0.234495;1.4609999999999999;0.05592;1.49436;0.13863;1.5;-0.018795;1.44357;-0.06895499999999999;1.367475;0.05827500000000001;1.5;-0.20583;1.447845;0.0;1.0
47;1.0;0.0;1.5;0.350925;1.37106;0.780195;1.1703000000000001;1.08216;0.7149000000000001;1.2633299999999998;0.41458500000000004;1.37595;0.142005;1.32372;-0.3297;1.37106;-0.51252;1.132755;-0.7704;0.967905;-0.967905;0.66921;-1.1115300000000001;0.43743;-1.06257;0.053864999999999996;-1.075965;-0.179145;-0.9744299999999999;-0.42274500000000004;-0.768765;-0.667575;-0.56148;0.0;1.0
48;1.0;0.0;1.5;0.681825;1.5;-0.681825;1.5;0.13636500000000001;1.5;-0.13636500000000001;1.5;0.0;1.5;-0.409095;1.5;-0.27273000000000003;1.5;0.13636500000000001;1.5;0.0;1.5;-0.5454600000000001;1.5;0.13636500000000001;1.5;-0.13636500000000001;1.5;-0.07371;1.5;0.681825;1.5;-0.409095;1.5;0.0;1.0
49;1.0;0.0;1.5;1.5;1.5;-1.5;1.5;-1.5;1.5;1.5;1.5;1.5;1.5;1.5;1.5;-1.5;1.5;1.5;1.5;1.5;1.5;1.5;1.5;1.5;1.5;1.5;1.5;0.75;0.0;0.0;1.5;-1.5;1.5;0.0;0.0
50;1.0;0.0;0.71907;-0.185565;0.64176;-0.185565;1.051545;-0.587625;1.0979400000000001;0.10824;0.394335;-0.324735;0.742275;0.23968499999999998;0.680415;-0.17784;0.63402;0.09279;0.75;-0.4098;0.819585;0.278355;0.63402;0.12370500000000001;1.059285;0.29381999999999997;0.80094;-0.186705;0.23196;-0.394335;0.711345;0.06186;0.680415;0.0;1.0
51;1.0;0.0;0.66666;0.66666;0.8054250000000001;1.361445;-0.33333;1.5;-0.499995;1.333335;-1.5;0.499995;-1.5;-0.166665;-1.5;-0.33333;-1.000005;-1.16667;0.8333400000000001;-1.5;-0.33333;-1.16667;1.16667;-0.33333;0.499995;0.0;1.3818000000000001;0.6752849999999999;0.8618100000000001;1.265295;0.33333;1.5;-0.8333400000000001;0.0;1.0
52;1.0;0.0;0.8976000000000001;0.6049800000000001;1.242135;1.207815;1.140015;1.060635;1.2601499999999999;-0.16476;1.459665;0.11971500000000002;1.43736;-1.285905;1.37943;1.32666;1.43178;-0.07809;1.330095;0.272025;1.47726;-1.04391;1.3000500000000001;-1.2863250000000002;0.42906;-0.45094500000000004;1.5;0.25614;0.94437;0.640155;1.316355;1.2151049999999999;1.229685;0.0;0.0
53;1.0;0.0;0.0;0.0;1.5;0.193335;1.32666;-0.03;0.0;0.0;1.5;-0.63666;1.5;0.29334000000000005;1.5;-0.07999500000000001;1.5;-1.2233399999999999;0.0;0.0;1.5;-0.06;1.5;-0.280005;0.0;0.0;1.5;-1.5;0.0;0.0;1.5;0.17667;1.360005;0.0;0.0
54;1.0;0.0;1.262655;0.6518999999999999;0.75;1.1424;0.14873999999999998;1.4019;-0.56646;1.32279;-1.085445;0.917715;-1.40823;0.29113500000000003;-1.300635;-0.382905;-0.943035;-0.98418;-0.376575;-1.28481;0.24367500000000003;-1.29747;0.7721549999999999;-1.0031700000000001;1.1234250000000001;-0.433545;1.169055;0.11899499999999999;0.9620249999999999;0.642405;0.471525;0.9367049999999999;-0.00633;0.0;1.0
55;1.0;0.0;1.3591199999999999;-0.024855000000000002;1.47183;-0.029835;1.435365;-0.05469;1.28619;0.00165;1.34586;-0.049725;1.335915;-0.02154;1.3591199999999999;-0.06795;1.3707150000000001;-0.013260000000000001;1.211595;-0.19392;1.330935;0.018224999999999998;1.382325;-0.0348;1.36575;-0.031485;1.337205;-0.1164;1.244745;-0.25857;1.4403299999999999;-0.056355;1.311045;0.0;1.0
56;1.0;0.0;0.0;0.0;-1.5;-0.9414899999999999;1.5;0.76596;0.119685;-0.35106;-1.5;-0.5425500000000001;0.19149;-0.885645;1.5;-1.5;0.0;0.0;1.244685;-0.119685;-0.375;1.5;0.255315;-1.061175;0.0;0.0;-0.287235;-0.702135;-0.33509999999999995;-0.73404;1.1170200000000001;1.35639;-1.0132949999999998;0.0;0.0
57;1.0;0.0;1.252185;0.43489500000000003;1.03884;0.71553;0.73851;1.025715;0.32986499999999996;1.301415;-0.12144;1.275165;-0.53337;1.165215;-0.791025;0.8763750000000001;-1.05525;0.46936500000000003;-1.137315;0.059085;-1.068375;-0.229755;-0.874725;-0.5875199999999999;-0.557985;-0.7943100000000001;-0.25425000000000003;-0.912945;0.12637500000000002;-0.92232;0.37745999999999996;-0.72702;0.608865;0.0;1.0
58;0.0;0.0;0.0;0.0;0.0;0.0;1.5;-1.5;0.0;0.0;-1.5;-1.5;0.0;0.0;0.0;0.0;1.5;1.5;-1.5;-1.5;0.0;0.0;0.0;0.0;1.5;1.5;1.5;1.5;0.0;0.0;1.5;1.5;0.0;0.0;0.0
59;1.0;0.0;0.0;0.0;1.5;0.77586;0.0;0.0;0.16486499999999998;-1.5;0.0;0.0;0.0;0.0;-1.5;-0.33621;-0.835665;-1.249455;1.1541;0.947205;0.0;0.0;0.80172;0.53502;-1.35453;0.67242;1.5;-1.5;-1.5;1.223595;0.0;0.0;0.0;0.0;0.0
60;1.0;0.0;1.271745;0.15897;1.5;0.58695;1.5;-1.5;1.00407;0.12636;1.5;0.40557;1.5;0.90897;1.5;0.532605;1.5;0.040080000000000005;0.87636;-0.645375;1.5;0.95244;1.3369499999999999;0.398775;1.365495;-0.499995;1.5;0.23913;0.565215;-0.029205000000000002;1.5;0.33696000000000004;1.5;0.0;0.0
61;1.0;0.0;0.8631;-0.047625;1.12797;-0.080355;0.92262;-0.01785;0.80952;0.050595;0.9255900000000001;0.148815;0.8869049999999999;-0.035715000000000004;0.9404699999999999;0.01785;1.062495;0.038685;0.904755;0.023805;0.717255;-0.04167;0.8869049999999999;0.056549999999999996;0.75;0.05952;0.919365;-0.018555000000000002;0.9255900000000001;-0.20238;1.0327350000000002;-0.020835;0.9375;0.0;1.0
62;1.0;0.0;1.5;1.5;0.5505;0.09237000000000001;0.19489499999999998;1.390695;-0.41379;1.40394;-0.472905;0.565275;-1.30788;0.55419;-1.392855;-0.13300499999999998;-0.58374;-0.51354;-0.69828;-1.23768;-0.081285;-1.40394;0.38424;-0.306645;1.10688;-0.68925;1.282065;-0.102465;1.5;1.5;0.58005;0.0036899999999999997;0.26637;0.0;1.0
63;1.0;0.0;1.485375;-0.08677499999999999;1.4968949999999999;-0.195135;1.479945;-0.29145;1.49061;-0.387645;1.39107;-0.45195;1.389765;-0.569475;1.34718;-0.6569400000000001;1.27383;-0.78096;1.311495;-0.856125;1.1852399999999998;-0.897585;1.1208749999999998;-0.969225;1.02423;-1.027185;0.9787049999999999;-1.09761;0.9151499999999999;-1.130295;0.82128;-1.20417;0.7379249999999999;0.0;1.0
64;0.0;0.0;0.0;0.0;0.0;0.0;0.0;0.0;0.0;0.0;0.0;0.0;0.0;0.0;0.0;0.0;0.0;0.0;0.0;0.0;0.0;0.0;0.0;0.0;0.0;0.0;1.5;0.0;0.0;0.0;0.0;0.0;0.0;0.0;0.0
65;1.0;0.0;1.47249;0.01311;1.4715449999999999;-0.05727;1.463475;-0.085485;1.439205;-0.10456499999999999;1.48506;-0.067605;1.420695;-0.16652999999999998;1.400535;-0.19185000000000002;1.413255;-0.173745;1.19523;-0.28800000000000003;1.32411;-0.260805;1.293855;-0.28108500000000003;1.327305;-0.295335;1.227195;-0.31704;1.17819;-0.35796;1.153665;-0.346425;1.1148449999999999;0.0;1.0
66;1.0;0.0;0.0;0.0;0.0;0.0;0.0;0.0;0.0;0.0;0.0;0.0;-1.5;1.5;1.5;0.82758;0.0;0.0;0.0;0.0;0.0;0.0;0.0;0.0;0.0;0.0;1.5;1.5;0.0;0.0;0.0;0.0;0.0;0.0;0.0
67;1.0;0.0;1.23381;-0.11357999999999999;1.20693;0.003465;1.31271;-0.01821;1.3023150000000001;-0.11271;1.09248;-0.17601;1.26936;0.075435;1.246815;-0.110985;1.12197;0.100575;1.17486;0.09537;1.301445;-0.03555;1.18266;-0.09018;1.116765;-0.03555;1.150755;-0.040965;1.11069;-0.11445000000000001;1.05087;-0.0633;1.176585;0.0;1.0
68;1.0;0.0;0.71052;-0.15789;1.256715;0.02634;1.247325;0.039224999999999996;1.0263149999999999;-0.078945;1.0263149999999999;0.0;1.19784;0.07542;1.174725;0.08634;1.263165;0.71052;1.5;0.078945;1.08825;0.11446500000000001;1.054515;0.122115;0.631575;0.315795;0.9812850000000001;0.13452;0.78948;-0.315795;0.90225;0.14301;0.86127;0.0;1.0
69;1.0;0.0;1.38462;0.231765;1.295985;0.446355;1.08873;0.55185;1.0588199999999999;0.85245;0.8617349999999999;0.940785;0.6490499999999999;1.12014;0.47557499999999997;1.015455;0.28692;1.15227;0.07028999999999999;1.142565;-0.18096;1.154535;-0.277185;1.0699049999999999;-0.439365;0.9856199999999999;-0.58197;0.878295;-0.7019850000000001;0.751965;-0.7971900000000001;0.6109800000000001;-0.8434649999999999;0.0;1.0
70;1.0;0.0;1.434885;0.122145;1.462305;-0.085005;1.457475;-0.12725999999999998;1.441455;-0.098415;1.420755;0.019185;1.43154;-0.25192499999999995;1.4191799999999999;-0.292455;1.49445;-0.48402;1.3551449999999998;-0.53853;1.37142;-0.40974;1.3521;-0.447105;1.498485;-0.611205;1.30866;-0.51879;1.3808850000000001;-0.45928500000000005;1.259265;-0.585915;1.2324899999999999;0.0;1.0
71;1.0;0.0;1.275195;0.027135;1.383165;0.02184;1.38069;0.0327;1.391475;0.12015;1.313955;0.17054999999999998;1.367415;0.0648;1.36107;0.07527;1.310085;0.04263;1.4379899999999999;0.0;1.336455;0.10570500000000001;1.32645;0.115455;1.2558150000000001;0.162795;1.303845;0.13424999999999998;1.313955;0.13179;1.2779699999999998;0.15201;1.26387;0.0;1.0
72;1.0;0.0;1.34559;0.5735250000000001;1.36764;0.5625;1.113975;1.014705;0.68382;1.1691150000000001;0.28676999999999997;1.334565;-0.03309;1.290435;-0.30882;1.235295;-0.5625;1.014705;-0.75;0.7169099999999999;-1.102935;0.5735250000000001;-1.290435;0.13236;-1.113975;-0.1875;-1.018875;-0.361965;-0.827205;-0.639705;-0.66177;-0.761025;-0.43014;0.0;1.0
73;1.0;0.0;1.5;-0.09273;1.5;0.04413;1.5;-0.076965;1.5;-0.025604999999999996;1.5;-0.17589;1.267395;-0.07802999999999999;1.40088;-0.09897;1.03755;-0.11068499999999999;0.985965;-0.30550499999999997;1.42365;-0.47337000000000007;1.21278;-0.47480999999999995;1.27398;-0.52257;1.0879349999999999;-0.43761;1.09641;-0.57864;0.8153400000000001;-0.39426000000000005;0.9631050000000001;0.0;1.0
74;1.0;0.0;1.46571;0.28573499999999996;1.2402449999999998;0.693885;1.076565;0.8809799999999999;0.7195199999999999;1.26417;0.47113499999999997;1.389645;0.154335;1.409175;-0.19881;1.2643499999999999;-0.48029999999999995;1.37436;-0.782175;1.192875;-1.02411;0.7426200000000001;-1.16112;0.503055;-1.28064;0.267735;-1.2497099999999999;-0.02037;-1.23549;-0.289815;-1.009335;-0.50493;-0.8991450000000001;0.0;1.0
75;1.0;0.0;1.389855;0.06261;1.33899;0.23648999999999998;1.29147;0.296865;1.255125;0.54789;1.209285;0.60297;1.143315;0.6082799999999999;0.9987900000000001;0.7253999999999999;0.9015150000000001;0.77628;0.8008799999999999;0.7827000000000001;0.726525;0.81318;0.63819;0.83526;0.5001;0.82911;0.40467000000000003;0.81321;0.334605;0.80172;0.21467999999999998;0.7368600000000001;0.173595;0.0;1.0
76;1.0;0.0;1.3686150000000001;0.065205;1.412865;0.0342;1.420575;0.080175;1.40373;0.019815;1.378665;0.09522;1.3914900000000001;0.181005;1.38072;0.093165;1.333485;0.19083;1.25616;0.21658499999999997;1.2147450000000002;0.177735;1.155615;0.21333000000000002;1.1363249999999998;0.169485;1.10325;0.19923;0.9958049999999999;0.22949999999999998;1.0638750000000001;0.16131;0.9788700000000001;0.0;1.0
77;1.0;0.0;0.59091;-0.36363;0.9398250000000001;0.019049999999999997;0.681825;0.13636500000000001;0.95454;0.13636500000000001;0.31818;-0.31818;0.8636400000000001;0.22727999999999998;0.59091;0.0;0.8423399999999999;0.068415;0.772725;0.045450000000000004;1.18182;0.27273000000000003;0.45454500000000003;-0.22727999999999998;0.72789;0.088935;0.69543;0.09213;0.499995;-0.045450000000000004;0.62784;0.09615000000000001;0.59091;0.0;1.0
78;1.0;0.0;0.0;0.0;-0.50508;1.2808199999999998;0.0;0.0;1.033035;-1.5;1.45617;0.47077500000000005;-0.39071999999999996;-0.88818;-0.453615;0.9834749999999999;1.412325;0.245865;0.0;0.0;0.0;0.0;-0.270645;-1.5;0.0;0.0;1.5;-1.5;0.0;0.0;0.066705;0.928215;0.0;0.0;0.0
79;1.0;0.0;1.5;0.08718;1.417875;0.11127;1.49928;0.198465;1.5;-0.028664999999999996;1.42269;0.105495;1.435695;0.21965999999999997;1.42293;0.16836;1.36344;0.301785;1.451115;0.243975;1.495425;0.21387;1.3617599999999999;0.24614999999999998;1.375005;0.336465;1.3263449999999999;0.353565;1.3285200000000001;0.337665;1.17486;0.44364000000000003;1.2536100000000001;0.0;1.0
80;1.0;0.0;0.0;0.0;0.0;0.0;0.0;0.0;-1.5;1.5;0.0;0.0;1.5;0.559995;-0.18;-0.18;0.0;0.0;-1.5;-1.5;0.0;0.0;1.5;-1.5;0.0;0.0;1.5;0.340005;0.0;0.0;0.0;0.0;0.0;0.0;0.0
81;1.0;0.0;0.9101699999999999;-0.040679999999999994;1.0067849999999998;0.061020000000000005;0.793215;-0.066105;0.75762;0.055935;1.05762;-0.116955;0.8694899999999999;-0.030510000000000002;0.7983;0.116955;0.96102;0.17796;0.8542350000000001;-0.035595;0.7983;0.010169999999999998;1.072875;-0.05085;0.793215;-0.05085;0.85893;0.01125;0.8796599999999999;-0.005084999999999999;0.8847449999999999;-0.040679999999999994;0.752535;0.0;1.0
82;1.0;0.0;1.5;-0.033885;1.5;-0.06741;1.5;-0.10023000000000001;1.5;-0.131985;1.5;0.842595;1.5;-0.19107;1.5;-0.21782999999999997;1.5;0.486105;1.5;-0.26458499999999996;1.49226;-0.284235;1.434015;-0.301215;1.5;-1.38426;1.3092000000000001;-0.32689500000000005;1.2438;-0.33555;1.177185;-0.341475;1.10988;0.0;1.0
83;1.0;0.0;1.321545;-0.012854999999999998;1.34727;-0.036974999999999994;1.411575;-0.02733;1.337625;-0.191325;1.23312;-0.16398000000000001;1.332795;0.017685;1.3617299999999999;-0.205785;1.30707;-0.091635;1.3617299999999999;-0.03537;1.31994;-0.21865500000000002;1.242765;-0.186495;1.352085;-0.292605;1.323675;-0.223545;1.2652800000000002;-0.19293000000000002;1.32636;-0.27813;1.3762050000000001;0.0;1.0
84;1.0;0.0;0.9230700000000001;0.283845;1.172355;0.0267;1.16229;0.039705000000000004;0.9761549999999999;-0.15462;1.1630699999999998;0.12;1.109415;0.0759;1.08483;0.08664;1.029225;-0.133845;0.9253800000000001;0.24462;0.993495;0.113595;0.95817;0.120615;0.90231;-0.108465;0.8820450000000001;0.13150499999999998;0.826155;0.38537999999999994;0.800835;0.138105;0.7591350000000001;0.0;1.0
85;1.0;0.0;-0.96429;-1.5;1.5;1.242855;1.5;-1.5;1.5;-0.350895;1.5;1.442415;1.5;-0.565185;1.5;-1.5;1.5;0.20758500000000002;1.5;-1.5;1.5;-0.050895;-1.2642900000000001;1.5;0.8062499999999999;1.28571;1.5;1.5;1.5;-1.5;1.5;-1.5;1.5;0.0;0.0
86;1.0;0.0;1.352205;0.62679;0.9619650000000001;1.135875;0.4566;1.42722;-0.306735;1.44801;-0.8322450000000001;1.217865;-1.227855;0.764235;-1.45479;0.155175;-1.3718400000000002;-0.47118000000000004;-1.052445;-0.9819150000000001;-0.48531;-1.3349849999999999;0.087975;-1.41258;0.667245;-1.23231;1.111575;-0.828465;1.3412250000000001;-0.280875;1.318395;0.305385;1.058325;0.0;1.0
87;1.0;0.0;0.75699;-0.2535;1.07163;0.022695;1.065945;0.03387;1.020975;0.01923;0.519225;0.08391;1.03575;0.065895;1.021515;0.07586999999999999;1.005345;0.08538;0.9510449999999999;-0.06993;0.967545;0.10283999999999999;0.9461550000000001;0.11071500000000001;1.2604950000000001;0.270975;0.8990250000000001;0.12456;0.57342;0.10139999999999999;0.8469900000000001;0.13569;0.81948;0.0;1.0
88;1.0;0.0;1.5;-0.42641999999999997;1.5;-0.38019000000000003;1.419345;-0.5264099999999999;1.5;-0.45848999999999995;1.3910399999999998;-0.735855;1.36227;-0.6617850000000001;1.135845;-0.8834850000000001;1.04622;-0.870285;0.8943450000000001;-0.863685;1.026885;-1.064625;0.816975;-1.309905;0.73821;-1.099995;0.53256;-1.14081;0.39527999999999996;-1.173585;0.24906;-1.097175;0.20991;0.0;1.0
89;1.0;0.0;1.332795;0.024465;1.3801050000000001;0.019575000000000002;1.38663;0.020385;1.337685;-0.153345;1.351545;-0.12641999999999998;1.3956;-0.015495000000000002;1.39641;-0.13377;1.290375;-0.07585499999999999;1.341765;-0.06036;1.32627;-0.18189;1.333605;-0.178635;1.2447;-0.21207;1.296795;-0.17712;1.28304;-0.19576499999999997;1.25286;-0.18678;1.30179;0.0;1.0
90;1.0;0.0;1.5;-0.14286000000000001;-1.5;-1.5;-1.5;-1.5;1.5;0.47619;1.2202350000000002;1.1428500000000001;-1.5;-1.5;-1.5;1.5;0.71046;1.5;1.5;1.5;1.0325849999999999;-1.5;-1.5;-1.5;1.2440550000000001;0.54762;1.5;1.5;1.5;0.7619099999999999;-1.5;-0.48810000000000003;-1.5;0.0;0.0
91;1.0;0.0;1.428255;0.09892499999999999;1.40421;0.19545;1.36494;0.28728;1.273215;-0.74943;1.350345;0.9198;1.169055;0.5149199999999999;1.08381;0.56982;0.992175;0.61266;1.43208;0.8979300000000001;0.7988700000000001;0.66132;0.701595;0.667665;0.6066;0.6629849999999999;0.51561;0.648315;1.35495;1.5;0.351075;0.5943;0.27948;0.0;1.0
92;1.0;0.0;0.55314;-1.5;-1.5;-1.5;-0.11491499999999999;1.5;1.5;1.425615;1.1189550000000001;-0.58065;-1.5;-1.189695;-0.14515499999999998;1.5;0.73026;0.69753;0.476325;-0.41191500000000003;-0.215145;-0.30282;-0.17964000000000002;0.10342499999999999;0.045315;0.099585;0.051645;-0.01779;-0.006045;-0.025079999999999998;-0.011415;0.00162;0.000225;0.0;0.0
93;1.0;0.0;1.462005;0.19623;1.4118;0.30054000000000003;1.331745;0.48372;1.3351350000000002;0.490665;1.28325;0.678255;1.08447;0.78426;1.0491899999999998;0.8822999999999999;0.87822;1.003395;0.733035;1.05597;0.663675;1.022385;0.529335;1.13433;0.40248;1.1431499999999999;0.252195;1.178115;0.112455;1.206585;-0.04443;1.16553;-0.154335;0.0;1.0
94;1.0;0.0;0.95265;-0.06582;1.14795;0.044520000000000004;0.92148;0.54042;0.9803700000000001;-0.00693;0.9630449999999999;0.12471000000000002;1.1916900000000001;-0.65127;1.087755;0.824475;0.8937600000000001;0.207855;0.95265;0.3291;0.949185;-0.38105999999999995;1.064265;0.230385;0.9699749999999999;0.346425;1.031625;0.26556;0.924945;0.114315;0.99474;0.297615;1.035795;0.0;1.0
95;1.0;0.0;1.419795;0.430695;1.0883099999999999;1.0087199999999998;0.71346;1.236825;0.019005;1.336635;-0.373065;1.267125;-0.71466;0.8411850000000001;-1.138215;0.6261450000000001;-0.996825;0.10812000000000001;-0.98139;-0.292875;-0.7871250000000001;-0.66;-0.462765;-0.826335;-0.06178499999999999;-0.9718800000000001;0.241275;-0.8463;0.55128;-0.6285149999999999;0.690885;-0.338025;0.75564;0.0;1.0
96;1.0;0.0;1.417965;-0.052739999999999995;-1.5;-0.49804499999999996;-1.5;-0.023445;1.45899;0.01758;1.400385;-0.029294999999999998;-1.5;0.24609000000000003;-1.5;-0.005865;1.4296950000000002;-0.052739999999999995;1.3828200000000002;-0.04101;-1.488285;0.175785;-1.400385;0.52149;1.435545;-0.005865;1.230615;0.20637;1.35351;-0.099615;-1.5;-0.28125;-1.5;0.0;0.0
97;1.0;0.0;0.152025;0.162165;0.0;0.0;0.0;0.0;0.8209500000000001;1.23648;0.46621499999999994;1.5;0.0;0.0;0.0;0.0;0.55743;-1.5;0.49661999999999995;-1.5;0.0;0.0;0.0;0.0;-0.63852;-1.5;1.5;-1.5;0.831075;-0.354735;0.0;0.0;0.0;0.0;0.0
98;1.0;0.0;1.1071499999999999;1.249995;-1.1428500000000001;-0.35715;0.499995;-0.21428999999999998;0.67857;-0.21428999999999998;-1.009275;0.19212;0.499995;0.0;0.42856500000000003;-0.10714499999999999;-0.57321;0.767445;0.35715;0.035715000000000004;0.67857;0.07143000000000001;0.25000500000000003;-0.39285000000000003;-0.858825;-0.15351;0.373335;-0.7661849999999999;1.5;0.0;-1.000005;-0.07143000000000001;0.39285000000000003;0.0;0.0
99;1.0;0.0;0.681825;0.13636500000000001;0.95454;0.13636500000000001;0.409095;0.27273000000000003;0.95454;0.0;0.5454600000000001;-0.13636500000000001;0.681825;-0.13636500000000001;0.7291799999999999;-0.020145;0.95454;-0.27273000000000003;0.681825;0.0;0.5454600000000001;-0.13636500000000001;0.409095;0.27273000000000003;0.5454600000000001;-0.13636500000000001;0.51663;-0.026520000000000002;0.409095;0.0;0.5454600000000001;0.0;0.434775;0.0;1.0
100;1.0;0.0;1.300335;0.53925;1.0802100000000001;1.000005;0.558015;1.2457349999999998;0.12969;1.288395;-0.36177000000000004;1.2918150000000002;-0.776445;1.013655;-1.03071;0.62286;-1.1552850000000001;0.14847;-1.0409549999999999;-0.20478000000000002;-0.74232;-0.633105;-0.488055;-0.8651850000000001;-0.042660000000000003;-0.8993099999999999;0.2304;-0.796905;0.484635;-0.5563199999999999;0.6928350000000001;-0.295215;0.61434;0.0;1.0
101;1.0;0.0;1.5;0.361155;1.497225;0.005535;1.2036600000000002;-0.451995;1.3487850000000001;-0.35229;1.059645;-0.361155;1.107825;-0.45808499999999996;1.0723799999999999;-0.5411699999999999;0.70791;-0.9178350000000001;0.6070949999999999;-0.825885;0.9156150000000001;-0.58992;0.79764;-0.49021499999999996;0.35949000000000003;-0.78213;0.43812;-0.72585;0.191655;-0.587145;0.23485499999999998;-0.769935;0.275295;0.0;1.0
102;1.0;0.0;0.78813;-0.05085;1.4237250000000001;0.12712500000000002;0.78813;-0.254235;0.45762;-0.025425;0.762705;-0.20338499999999998;0.966105;0.43221;1.245765;-0.533895;0.813555;0.025425;0.8389800000000001;0.05085;0.8898299999999999;0.45762;1.296615;0.076275;0.61017;0.22881;1.009305;-0.0039900000000000005;0.99153;-0.05085;1.245765;-0.22881;1.1440649999999999;0.0;1.0
103;0.0;0.0;-1.5;-1.5;1.5;-1.5;-1.5;1.5;0.0;0.0;1.5;-1.5;1.5;-1.5;0.0;0.0;0.0;0.0;0.0;0.0;-1.5;1.5;1.5;-1.5;-1.5;1.5;1.5;1.5;0.0;0.0;1.5;0.75;0.0;0.0;0.0
104;1.0;0.0;1.5;1.5;1.5;-1.5;0.0;0.0;0.0;0.0;1.5;1.5;1.5;-1.5;1.5;1.5;1.5;-1.5;0.0;0.0;0.0;0.0;1.5;-0.41667000000000004;0.0;0.0;1.5;-1.5;1.5;1.5;1.5;-1.5;0.0;0.0;0.0
105;1.0;0.0;1.414995;0.5786100000000001;0.7239450000000001;0.96801;0.32358;1.1627100000000001;-0.8391149999999999;0.9734849999999999;-1.1051250000000001;0.6307200000000001;-1.140765;0.0;-0.9405899999999999;-0.466185;-0.575865;-0.9323549999999999;-0.191955;-1.039305;0.7486349999999999;-0.9542999999999999;1.072215;-0.5649;1.1078549999999998;-0.08226;0.90147;0.45576;0.682815;0.90768;0.04113;0.817185;-0.32358;0.0;1.0
106;1.0;0.0;1.5;0.146565;1.5;0.18295499999999998;1.5;0.33860999999999997;1.47903;0.13855499999999998;1.42395;0.288165;1.39488;0.36432000000000003;1.338615;0.425145;1.282935;0.40081500000000003;1.25484;0.49693499999999996;1.2508949999999999;0.47546999999999995;1.122435;0.593955;1.142895;0.51987;1.02678;0.64119;0.94146;0.690465;0.8518650000000001;0.705495;0.81378;0.0;1.0
107;1.0;0.0;0.029625;0.010575;0.06135;-0.01269;0.031740000000000004;0.01692;0.01692;0.06558;0.00423;0.002115;0.029625;-0.046544999999999996;-0.029625;0.090975;-0.06135;0.0402;-0.03597;-0.006345;0.06558;-0.038085;0.02751;0.0;0.0;-0.019035;0.02751;-0.01692;0.00846;-0.023265;-0.025395;-0.03597;0.010575;0.0;0.0
108;1.0;0.0;1.3263;0.55086;1.006845;1.01073;0.594195;1.295985;0.03636;1.39773;-0.52722;1.255695;-0.9047400000000001;0.88263;-1.17987;0.58167;-1.249275;-0.00963;-1.03977;-0.49444499999999997;-0.7875599999999999;-0.8088600000000001;-0.410655;-1.02189;0.01209;-1.04661;0.39042;-0.9101699999999999;0.668535;-0.650745;0.8131349999999999;-0.32313000000000003;0.84429;0.0;1.0
109;0.0;0.0;1.5;-1.5;1.5;1.5;1.5;1.5;1.5;1.5;1.5;1.5;1.5;-1.5;1.5;-1.5;1.5;1.5;1.5;-1.5;1.5;1.5;1.5;1.5;1.5;-1.5;1.5;1.5;1.5;-1.5;1.5;1.5;1.5;0.0;0.0
110;1.0;0.0;1.375005;0.437505;1.249995;-0.25000500000000003;1.062495;0.375;1.3125;-0.124995;1.375005;0.062505;1.249995;0.1875;1.062495;0.0;1.3125;0.062505;1.5;0.124995;1.000005;-0.124995;1.125;0.25000500000000003;1.249995;-0.1875;1.2569400000000002;0.08254500000000001;1.5;0.31249499999999997;1.062495;0.0;1.062495;0.0;1.0
111;1.0;0.0;1.5;0.1257;1.5;0.260805;1.5;-0.19962000000000002;1.47258;0.9678;1.5;0.7185600000000001;1.5;0.886695;1.5;1.06137;1.5;1.241655;1.5;1.426485;1.5;1.5;1.4706299999999999;1.5;1.37436;1.5;1.258485;1.5;1.12233;1.5;0.9653700000000001;1.5;0.787185;0.0;1.0
112;1.0;0.0;0.8647050000000001;-0.023535;0.60588;0.0;0.576465;0.19411499999999998;0.6000000000000001;-0.08823;0.8470650000000001;0.21177;0.700005;0.12352500000000001;0.788235;-0.08234999999999999;0.8705849999999999;0.023535;0.7529399999999999;0.0;0.68823;0.10000499999999998;0.8705849999999999;0.12352500000000001;0.74706;0.00588;0.729015;0.150585;0.694125;0.12352500000000001;0.67647;0.352935;0.6470549999999999;0.0;1.0
113;0.0;0.0;1.5;-1.5;1.5;1.5;-1.5;-1.5;1.5;-1.5;0.0;0.0;0.0;0.0;-1.5;1.5;1.5;-1.5;1.5;-1.5;-1.125;1.5;1.5;-1.5;1.5;-1.5;1.5;-1.5;-1.5;-1.5;0.0;0.0;1.5;0.0;0.0
114;1.0;0.0;1.384155;0.11706;1.390185;0.24376499999999998;1.3455300000000001;0.36927;1.261665;0.527955;1.182015;0.6329400000000001;1.06074;0.7047450000000001;1.06194;0.84714;0.9068849999999999;0.9630000000000001;0.768705;0.9738600000000001;0.598545;1.0046249999999999;0.51348;1.025145;0.355395;1.14219;0.28147500000000003;1.108275;0.14540999999999998;1.0655700000000001;0.041025;1.15608;-0.060345;0.0;1.0
115;1.0;0.0;0.9886349999999999;-0.9431849999999999;0.0;0.0;0.0;0.0;1.159095;1.5;1.5;-0.42045;0.0;0.0;0.0;0.0;0.9318150000000001;-0.340905;1.261365;-1.5;1.5;-1.5;0.0;0.0;0.0;0.0;1.5;-1.409085;-0.193185;-1.39773;0.0;0.0;0.0;0.0;0.0
116;1.0;0.0;0.0;0.0;0.0;0.0;0.0;0.0;0.0;0.0;1.5;-0.499995;0.25000500000000003;0.39063;0.0;0.0;0.0;0.0;0.0;0.0;-0.29688000000000003;-0.328125;-0.25000500000000003;1.359375;-1.5;0.75;0.062505;1.125;-0.34375500000000003;-1.5;-0.1875;-0.406245;-0.29688000000000003;0.0;0.0
117;1.0;0.0;1.42803;0.03381;1.406355;-0.01908;1.40289;0.01821;1.450575;-0.026010000000000002;1.45404;0.0078;1.4349750000000001;-0.04596;1.4289;-0.006075;1.4922;-0.039885;1.496535;0.026879999999999998;1.4037600000000001;-0.07456499999999999;1.407225;-0.03555;1.45578;-0.066765;1.443225;-0.024704999999999998;1.460985;0.02862;1.4315099999999998;-0.05115;1.43757;0.0;1.0
118;1.0;0.0;1.3217400000000001;0.41212499999999996;1.081875;0.6432150000000001;0.9233849999999999;0.95493;0.582375;1.3575300000000001;0.14746499999999998;1.44192;-0.30145500000000003;1.338;-0.5360550000000001;1.1625;-0.9767100000000001;0.9331499999999999;-1.1815200000000001;0.683025;-1.22784;0.28642500000000004;-1.259145;-0.121185;-1.17501;-0.39534;-1.013355;-0.6826650000000001;-0.82098;-0.9128700000000001;-0.45768;-1.0005000000000002;-0.28968000000000005;0.0;1.0
119;1.0;0.0;0.710055;0.29290499999999997;0.093195;-0.27514500000000003;0.9347400000000001;0.01509;0.68343;-0.06657;0.8476349999999999;0.026624999999999996;0.670125;0.412725;1.0739699999999999;-0.057690000000000005;0.8343149999999999;0.18639;0.6213;0.17307;0.7915049999999999;0.04263;0.767745;-0.159765;0.718935;-0.035505;0.69771;0.048885;0.80325;0.37722;0.47929499999999997;-0.21745499999999998;0.519225;0.0;1.0
120;1.0;0.0;1.5;-0.22131;1.5;0.07377;0.860655;-0.024584999999999996;0.98361;0.024584999999999996;1.27869;-0.049185;1.081965;0.0;1.03278;-0.24589499999999997;0.29508;-0.22131;0.9833700000000001;-0.25764;1.008195;0.049185;1.5;-0.44262;0.46721999999999997;-0.51639;0.7857750000000001;-0.304875;0.491805;-0.049185;0.418035;-0.66393;0.7377;0.0;0.0
121;1.0;0.0;1.5;-0.12274499999999999;1.5;-0.16988999999999999;1.48869;-0.44703000000000004;1.5;-0.496125;1.4499300000000002;-0.514215;1.28682;-0.708975;1.37856;-0.72255;1.09626;-0.9783600000000001;1.021965;-0.95316;1.23675;-1.17474;0.882435;-1.121775;1.005495;-1.4444400000000002;0.731355;-1.285035;0.569115;-1.258395;0.361755;-1.33269;0.438315;0.0;1.0
122;1.0;0.0;1.000005;-0.02049;1.46106;0.102465;0.74385;0.7520549999999999;1.135245;-0.004095;0.97746;-0.211065;0.60246;-0.7336050000000001;0.58812;0.8811450000000001;1.15164;0.477465;1.17828;0.17008500000000001;0.7131149999999999;-0.674175;1.5;0.010245;0.90984;0.10450499999999999;1.0298399999999999;0.25632;1.31352;0.11680499999999999;0.82992;0.36885;0.20900999999999997;0.0;1.0
123;0.0;0.0;0.0;0.0;-1.5;1.5;1.5;1.5;-1.5;-1.5;0.0;0.0;-1.5;-1.5;-1.5;-0.46875;-1.5;-1.5;1.5;-1.5;1.5;-1.5;0.0;0.0;1.5;-1.5;-1.5;-1.5;0.0;0.0;1.5;-1.5;0.0;0.0;0.0
124;1.0;0.0;1.5;-0.050475;1.5;0.007275;1.5;-0.18093;1.334475;0.01797;1.09623;0.08019;1.2816450000000001;0.012405;0.818865;0.004485;1.256625;-0.20466;1.133025;-0.1281;1.063305;-0.41252999999999995;0.650775;-0.18093;0.86292;-0.6033;0.88476;-0.332175;0.6465;-0.260475;0.90654;-0.36269999999999997;0.8406750000000001;0.0;1.0
125;1.0;0.0;1.426695;0.006285000000000001;1.4277449999999998;-0.040845;1.40157;-0.0288;1.41885;0.02409;1.4476499999999999;0.049214999999999995;1.412565;0.10995;1.419375;-0.019889999999999998;1.457595;0.0021;1.42251;0.09057000000000001;1.39005;0.12618000000000001;1.39686;0.151305;1.4178000000000002;0.020415000000000003;1.40283;0.073875;1.397385;0.12252;1.41099;-0.000525;1.372245;0.0;1.0
126;0.0;0.0;-1.5;1.5;1.5;1.5;0.0;0.0;1.5;-1.5;1.5;-1.5;1.5;-1.5;-1.5;-1.5;0.0;0.0;-1.5;-1.5;0.0;0.0;0.0;0.0;-1.5;-1.5;1.5;-1.5;1.5;1.5;-1.5;-1.5;0.0;0.0;0.0
127;1.0;0.0;1.3226849999999999;0.6523650000000001;0.8935949999999999;1.164825;0.29508;1.418055;-0.361545;1.38816;-0.9378900000000001;1.068855;-1.296645;0.50478;-1.3857599999999999;-0.08007;-1.1603400000000001;-0.670605;-0.7042499999999999;-1.099275;-0.153555;-1.233255;0.39576;-1.1635499999999999;0.8397600000000001;-0.8386500000000001;1.0822049999999999;-0.366495;1.08717;0.143985;0.872055;0.583725;0.521235;0.0;1.0
128;1.0;0.0;0.09606;-0.22906500000000002;-0.066495;0.08866500000000001;0.12561;-0.036945;-0.02217;0.280785;0.09606;0.0;0.184725;-0.14778;0.08866500000000001;0.0;0.02955;-0.04434;-0.19212;-0.31035;0.103455;0.02217;0.103455;0.04434;0.11823;0.24384;0.421185;-0.07389;-0.08866500000000001;-0.1404;0.066495;0.081285;0.11083499999999999;0.0;0.0
129;1.0;0.0;0.124995;-0.310275;-1.5;1.5;-1.5;1.5;1.078125;0.707595;-1.232145;-0.9408449999999999;-1.5;-1.5;-1.5;1.5;-0.041295;0.8872800000000001;-0.631695;-0.631695;-1.11942;-1.5;-1.5;-0.702015;-1.5;0.35715;1.5;-1.5;-1.5;-0.58371;-1.5;-1.5;-1.5;0.0;0.0
130;0.0;0.0;1.5;1.5;1.5;-1.5;1.5;1.5;1.5;1.5;1.5;1.5;1.5;-1.5;1.5;1.5;1.5;-1.5;1.5;-1.5;1.5;1.5;1.5;1.5;1.5;-1.5;1.5;1.5;1.5;1.5;1.5;1.5;1.5;0.0;0.0
131;1.0;0.0;0.13044;0.01029;0.209385;-0.06178499999999999;0.15789;-0.12356999999999999;0.18879;-0.09267;0.350115;-0.01716;0.185355;0.1167;0.219675;-0.202515;0.43593;-0.072075;0.284895;0.109845;0.17504999999999998;0.0;0.16819499999999998;-0.0034349999999999997;0.226545;-0.154455;0.12700499999999998;0.020595;0.16819499999999998;-0.09954;0.144165;-0.109845;0.17504999999999998;0.0;0.0
132;1.0;0.0;0.587685;-0.09514500000000001;1.46196;0.06492;1.5;1.5;0.537315;0.229485;0.8171700000000001;0.1959;0.923505;-1.23135;0.86754;1.01865;1.001865;-0.15672;0.69963;-0.173505;0.98361;0.22188;1.248135;0.68283;0.705225;0.24627;0.7396349999999999;0.21945000000000003;0.48694499999999996;-0.03918;0.58677;0.202815;0.516165;0.0;0.0
133;1.0;0.0;0.63;-0.915;0.0;0.0;1.5;-1.5;1.35;1.5;0.645;0.96;0.0;0.0;0.0;0.0;1.0050000000000001;-0.43499999999999994;1.26;-1.5;0.0;0.0;0.0;0.0;0.315;1.02;1.5;0.33;0.0;0.0;0.0;0.0;0.0;0.0;0.0
134;1.0;0.0;1.2706499999999998;0.202995;1.10457;-0.092265;1.318095;0.12390000000000001;1.33392;-0.137085;1.181025;0.10017000000000001;1.2100199999999999;-0.005265000000000001;1.18893;-0.01581;1.28646;-0.068535;1.30755;-0.052725;1.22583;-0.14235;1.06503;0.06591;1.297005;-0.22671;1.217205;-0.07233;1.173105;-0.010544999999999999;1.136205;-0.10017000000000001;1.28646;0.0;1.0
135;1.0;0.0;1.414965;0.299385;1.44198;0.612045;1.20771;0.848535;0.850305;1.0624500000000001;0.62754;1.24845;0.22408499999999998;1.3423349999999998;0.077505;1.40523;-0.37113;1.259085;-0.642165;1.13331;-0.753765;0.938445;-0.9827250000000001;0.7564199999999999;-1.032765;0.46368;-1.156455;0.234285;-1.13109;-0.065985;-1.127985;-0.268815;-1.00398;0.0;1.0
136;1.0;0.0;1.2568350000000001;0.6435599999999999;1.081695;0.875775;0.684375;1.171725;0.24705000000000002;1.24098;-0.19518000000000002;1.304205;-0.692655;1.177455;-0.8915250000000001;0.78105;-1.17705;0.39793500000000004;-1.26021;0.05892;-0.930615;-0.47026500000000004;-0.7111799999999999;-0.733575;-0.5594699999999999;-1.01694;-0.07581;-0.9403649999999999;0.22035;-0.6886650000000001;0.556395;-0.587505;0.724785;0.0;1.0
137;1.0;0.0;1.441065;0.10632;1.5;0.06444;1.5;0.139695;1.352535;-0.07716;1.338945;0.0387;1.24875;-0.09213;1.31301;0.14746499999999998;1.14816;0.0042;1.1280899999999998;-0.079425;0.989415;-0.11857499999999999;0.9623700000000001;-0.088935;0.835155;-0.11557499999999998;0.870765;-0.033075;0.7449600000000001;-0.018765;0.76965;-0.000225;0.781485;0.0;1.0
138;0.0;0.0;1.5;-1.5;1.5;-1.5;1.5;-1.5;1.5;-1.5;1.5;1.5;1.5;1.5;1.5;-1.5;1.5;1.5;1.5;1.5;1.5;1.5;1.5;-1.5;1.5;-1.5;1.5;-1.5;1.5;0.984375;0.0;0.0;1.5;0.0;0.0
139;1.0;0.0;1.02297;-0.25971;1.2349800000000002;0.32862;0.6996450000000001;0.49293000000000003;0.386925;0.87456;1.5;-0.22791;0.0159;0.667845;0.0159;0.583035;0.280215;0.61752;0.158505;0.5452950000000001;0.06487499999999999;0.461175;-0.001245;0.37404;-0.042929999999999996;0.291075;-0.06470999999999999;0.217215;-0.071685;0.155235;-0.068775;0.10596;-0.060195;0.0;0.0
140;1.0;0.0;1.3865399999999999;0.55386;1.07964;1.0263;0.439545;1.4111699999999998;-0.16662;1.147905;-0.474075;1.386795;-0.9992399999999999;1.1814900000000002;-1.382175;0.63471;-1.414725;0.14377500000000001;-1.5;0.047865000000000005;-0.9964649999999999;-0.99417;-0.69015;-1.17261;-0.20229000000000003;-1.3212300000000001;0.296475;-1.2770549999999998;0.73356;-1.0537050000000001;1.0482900000000002;-0.69072;1.14099;0.0;1.0
141;1.0;0.0;0.768105;1.5;1.5;0.80715;1.06767;1.212495;0.68433;0.696405;0.49621499999999996;1.5;0.318735;1.5;-0.26124;1.5;-0.49621499999999996;1.48083;-0.92073;1.5;-0.79011;1.075485;-1.3275000000000001;0.71841;-1.5;0.527625;-1.5;0.143535;-1.5;-0.250695;-1.5;-0.63339;-1.378545;0.0;1.0
142;0.0;0.0;1.5;-1.5;1.5;1.5;1.5;1.5;1.5;1.5;1.5;1.5;1.5;-1.5;1.5;1.5;1.5;1.5;1.5;-1.5;1.5;-1.5;1.5;-1.5;1.5;-1.5;1.5;1.5;1.5;-1.5;1.5;1.5;1.5;0.0;0.0
143;1.0;0.0;1.462695;0.01065;1.478685;0.029309999999999996;1.5;0.029309999999999996;1.48935;0.023985;1.436055;0.034635;1.45737;0.05328000000000001;1.5;0.05595;1.468035;0.031965;1.478685;0.08526;1.45737;0.07194;1.41741;0.08259;1.476015;0.05328000000000001;1.4631;0.09715499999999999;1.422735;0.12256500000000001;1.48668;0.093255;1.48401;0.0;1.0
144;1.0;0.0;1.5;-1.386795;1.5;1.13208;0.735855;-0.0849;0.9339599999999999;0.0;1.5;-0.00081;0.679245;0.113205;0.9339599999999999;-0.0849;1.4831699999999999;-0.0012749999999999999;0.79245;0.0;0.79245;0.113205;1.4278499999999998;-0.0016799999999999999;1.5;1.188675;1.3828799999999999;-0.0019200000000000003;1.4151;-1.5;1.5;0.6509400000000001;0.6509400000000001;0.0;1.0
145;1.0;0.0;1.5;0.077235;1.490445;0.151845;1.4421300000000001;0.22133999999999998;1.432695;-0.39743999999999996;0.9903899999999999;0.820515;1.2063899999999999;0.379245;1.106715;0.41069999999999995;1.001625;0.43071000000000004;0.8942249999999999;0.43956000000000006;0.7874099999999999;0.43799999999999994;0.68373;0.42714;0.585345;0.40839000000000003;0.49395;0.38329499999999994;0.410715;0.35352;0.336405;0.32067;0.27129;0.0;1.0
146;1.0;0.0;1.324575;-0.32994;1.5;0.545595;1.236045;0.28809;1.27629;0.088515;1.35837;-0.06437999999999999;1.277895;0.375;1.168455;0.37983;1.03809;0.8691;1.06545;0.58584;1.09764;0.413625;1.5;0.523065;0.8513999999999999;0.7805850000000001;1.0471650000000001;0.7985249999999999;1.2135150000000001;0.87876;0.6453899999999999;1.0638450000000002;0.785415;0.0;1.0
147;1.0;0.0;0.75;0.0;0.5804400000000001;0.156525;0.73695;0.09783;0.704355;-0.058695;0.53478;-0.189135;0.6847799999999999;0.071745;0.7565249999999999;0.039134999999999996;0.53478;0.293475;0.63261;0.22174499999999997;0.63261;-0.039134999999999996;0.48261000000000004;-0.16956;0.710865;-0.013049999999999999;0.626835;0.10362;0.5804400000000001;0.058695;0.5282549999999999;0.22174499999999997;0.671745;0.0;1.0
148;0.0;0.0;0.0;0.0;0.0;0.0;0.0;0.0;1.5;1.5;1.5;1.5;0.0;0.0;0.0;0.0;-0.5625;-1.5;-1.5;-1.5;0.0;0.0;0.0;0.0;-1.5;-1.5;-1.5;-1.5;-1.5;1.5;1.5;0.0;0.0;0.0;0.0
149;1.0;0.0;1.5;-1.5;1.5;1.5;-1.5;1.5;1.5;-1.5;1.5;-1.5;-1.5;-1.5;-1.5;1.5;1.5;1.5;1.5;1.5;-1.5;1.5;1.5;-1.5;1.5;-1.5;1.5;1.5;1.5;1.5;-1.5;1.5;-1.5;0.0;0.0
150;1.0;0.0;1.5;-0.282435;1.3955250000000001;-0.54234;-0.16302;-1.4039549999999998;1.5;-0.068235;0.76311;-1.0161449999999999;0.51648;-1.045605;-0.775275;-1.4627249999999998;0.082485;-0.9335549999999999;0.496635;-1.5;-0.19726499999999997;-0.6795;-0.27083999999999997;-0.53601;-0.30498000000000003;-0.398535;-0.30702;-0.276015;-0.2856;-0.17389500000000002;-0.24939;-0.09432000000000001;-0.20607;0.0;0.0
151;0.0;0.0;0.0;0.0;0.0;0.0;0.0;0.0;0.0;0.0;0.0;0.0;1.5;1.5;1.5;1.5;1.5;-1.5;0.0;0.0;1.5;1.5;1.5;-1.5;1.5;1.5;1.5;0.0;1.5;1.5;1.5;-1.5;0.0;0.0;0.0
152;1.0;0.0;0.46551;-0.155175;0.36207;-0.155175;0.31035;-0.103455;0.11107500000000001;-0.081465;0.054735000000000006;-0.055334999999999995;0.025604999999999996;-0.035745;0.011115;-0.02223;0.004215;-0.013395;0.00117;-0.007845000000000001;-4.5e-05;-0.004485;-0.00041999999999999996;-0.00249;-0.000465;-0.00135;-0.000375;-0.00072;-0.00027;-0.00036;-0.00018;-0.00018;-0.00012000000000000002;0.0;1.0
153;1.0;0.0;1.5;-0.360765;1.5;-0.303795;1.31013;-0.151905;1.32912;0.01899;1.5;0.17087999999999998;1.386075;0.09493499999999999;1.27215;-0.05695499999999999;0.949365;-0.550635;1.31013;-0.01899;1.405065;0.09493499999999999;1.5;0.37973999999999997;0.930375;-0.5696249999999999;1.269555;-0.0831;1.5;-0.09493499999999999;0.7974749999999999;0.03798;1.2531599999999998;0.0;1.0
154;1.0;0.0;1.5;0.242925;1.5;-0.08337;1.5;0.020595;1.5;-0.18528;1.5;-0.022665;1.5;-0.025965;1.5;-0.09561;1.5;-0.10735499999999999;1.5;0.0885;1.5;-0.15162;1.5;-0.040275;1.5;-0.34467000000000003;1.5;-0.10234499999999999;1.5;0.12448499999999998;1.5;-0.21291000000000002;1.5;0.0;1.0
155;1.0;0.0;1.5;0.170775;1.050285;-0.18216000000000002;1.22391;0.14515499999999998;1.067355;0.017085000000000003;0.8425050000000001;-0.1167;1.03605;0.18785999999999997;0.87951;0.059774999999999995;0.7969649999999999;-0.05124000000000001;1.04175;0.25332;1.0901399999999999;0.10816499999999998;0.48102;0.08823;0.7998149999999999;0.560715;0.7363500000000001;0.269265;0.22769999999999999;0.48672;0.662115;0.283455;0.8425050000000001;0.0;1.0
156;1.0;0.0;1.4173499999999999;-0.739665;1.5;-0.05538;1.48347;-1.30578;1.351245;1.00413;1.5;-0.15156;1.5;-0.187395;1.5;-0.22525499999999998;1.5;-0.265215;1.5;-0.307365;1.5;-0.35178;1.5;-0.398565;1.5;-0.44778;1.5;-0.49956;1.5;-0.553965;1.5;-0.6111;1.5;0.0;1.0
157;1.0;0.0;1.5;0.252015;1.4902799999999998;0.24501;1.41924;0.500205;1.376385;0.33915;1.37112;0.556605;1.26375;0.703485;1.215165;0.738375;1.177095;0.724665;0.9763649999999999;0.8546549999999999;0.848295;0.871065;0.83379;0.9708;0.724665;0.8285399999999999;0.649755;1.036935;0.53526;1.142205;0.508815;1.00266;0.331515;0.0;1.0
158;0.0;0.0;-1.5;1.5;-1.5;-1.5;0.0;0.0;-1.5;1.5;1.5;-1.5;-1.5;-1.5;-1.5;1.5;0.0;0.0;-1.5;-1.5;-1.5;1.5;0.0;0.0;1.5;-1.5;1.5;1.5;1.5;-1.5;1.5;1.5;0.0;0.0;0.0
159;1.0;0.0;0.75168;-0.05394;0.91686;0.020220000000000002;0.8831399999999999;0.023595;0.8831399999999999;0.03708;1.00113;-0.006735;1.075275;-0.070785;0.9977550000000001;0.013485;0.859545;0.03708;0.970785;-0.11124;0.8528100000000001;0.21235500000000002;0.86292;-0.05394;0.6977549999999999;0.07416;0.8488200000000001;0.012360000000000001;0.7146;-0.05394;0.8191050000000001;0.15843000000000002;0.91011;0.0;1.0
160;1.0;0.0;1.5;0.14703;1.5;0.37651500000000004;1.4758499999999999;0.49566;1.2054749999999999;0.7953;1.1246550000000002;0.904455;0.854055;1.07913;0.829665;1.1111849999999999;0.44178;1.232895;0.317055;1.196655;0.145635;1.23243;-0.026010000000000002;1.1980499999999998;-0.22715999999999997;1.13394;-0.34258500000000003;1.037805;-0.47569500000000003;0.91422;-0.604365;0.8178300000000001;-0.6422249999999999;0.0;1.0
161;1.0;0.0;1.1906700000000001;0.44238;0.96096;0.78468;0.619785;1.02237;0.212655;1.25322;-0.252465;1.1815799999999999;-0.6436649999999999;1.08492;-0.857475;0.6220650000000001;-1.13154;0.251325;-1.049655;-0.14784;-0.8654249999999999;-0.352545;-0.6095550000000001;-0.574305;-0.261555;-0.7881;0.022845;-0.730605;0.28545;-0.570885;0.46512000000000003;-0.347985;0.51858;0.0;1.0
162;1.0;0.0;1.5;0.052935;1.5;0.274215;1.5;0.40452;1.5;0.37602;1.5;0.43167;1.5;0.579645;1.5;0.47511000000000003;1.5;0.9855149999999999;1.5;0.80769;1.5;0.9190050000000001;1.5;0.8918550000000001;1.343895;1.02489;1.34253;1.07061;1.284165;1.007235;1.1158350000000001;1.284165;1.072395;0.0;1.0
163;1.0;0.0;1.024755;0.080625;1.2720449999999999;0.00303;1.265115;0.004515;1.2645;0.148515;1.137195;0.06153;1.22838;0.008775;1.2110699999999999;0.010095;1.20933;-0.186705;1.169025;-0.053040000000000004;1.145475;0.013635000000000001;1.1195249999999999;0.01467;1.19448;-0.06364500000000001;1.06236;0.01644;0.9335249999999999;0.17397;0.99936;0.01785;0.966105;0.0;1.0
164;1.0;0.0;1.30548;0.70458;0.809175;1.232415;0.1557;1.429125;-0.570495;1.31874;-1.1090849999999999;0.87339;-1.381485;0.250965;-1.2362549999999999;-0.37413;-0.8907449999999999;-0.9501299999999999;-0.36018;-1.2432150000000002;0.282345;-1.180485;0.773355;-0.86145;1.03911;-0.372645;1.036455;0.15726;0.7919700000000001;0.59643;0.38961;0.848595;-0.10108500000000001;0.0;1.0
165;1.0;0.0;0.577815;0.23346;0.618675;0.110895;0.396885;0.361875;0.35019;0.19845000000000002;0.291825;0.37937999999999994;0.36771;0.5544749999999999;0.134235;0.34435499999999997;-0.058365;0.5544749999999999;0.07586999999999999;0.373545;0.373545;0.14592;0.11673;0.449415;-0.03741;0.42723;-0.09036;0.39384;-0.22179;0.22179;-0.14008500000000002;0.46692;-0.28598999999999997;0.0;0.0
166;0.0;0.0;1.5;1.5;0.0;0.0;0.0;0.0;-1.5;-1.5;0.0;0.0;0.0;0.0;-1.5;-1.5;-1.5;-1.5;-1.5;1.5;-1.5;1.5;0.0;0.0;0.0;0.0;1.5;-1.5;-1.5;1.5;-1.5;1.5;-1.5;0.0;0.0
167;1.0;0.0;0.025005;-0.534375;0.0;0.0;0.0;0.0;0.0;0.0;0.0;0.0;0.0;0.0;0.18438;-0.8250000000000001;0.342195;1.2421950000000002;1.5;-0.63438;0.0;0.0;0.124995;-1.5;-0.159375;-0.25000500000000003;1.5;-1.150005;-1.5;0.28281;0.0;0.0;1.5;0.0;0.0
168;1.0;0.0;1.5;0.0;1.5;0.0;1.000005;0.166665;1.5;-0.166665;1.333335;-0.166665;1.5;-0.33333;1.16667;0.0;1.16667;0.0;1.5;-0.166665;1.16667;-0.166665;1.000005;-0.166665;1.000005;0.0;1.355205;-0.08027999999999999;1.5;0.166665;1.333335;-0.166665;1.5;0.0;1.0
169;1.0;0.0;-0.3075;0.43124999999999997;0.34500000000000003;0.15000000000000002;0.42374999999999996;0.47625;0.48375;0.5249999999999999;0.5442750000000001;-0.519255;0.13874999999999998;0.41250000000000003;-0.14250000000000002;0.315;-0.13124999999999998;0.3525;-0.512805;0.47112000000000004;-0.72;-0.12;0.44862;0.49763999999999997;-0.8699999999999999;-0.36;0.48285;-0.427125;-0.705;0.27749999999999997;-0.40656000000000003;-0.46842;0.606675;0.0;0.0
170;1.0;0.0;1.5;-0.09906000000000001;1.5;0.944055;1.5;0.143355;1.5;0.3042;1.5;-1.5;1.5;-0.608385;1.5;-0.237765;1.5;0.073425;1.5;-0.9230700000000001;1.5;-0.39859500000000003;1.5;-1.5;1.5;-0.87063;1.5;-1.22058;1.5;-1.5;1.5;-1.178325;1.5;0.0;1.0
171;1.0;0.0;1.4554799999999999;-0.21576;1.36986;-0.00342;1.448625;-0.256845;1.47945;0.273975;1.376715;0.00342;1.404105;-0.126705;1.36986;-0.00342;1.30137;-0.13014;1.4554799999999999;-0.318495;1.5;0.15411;1.380135;-0.078765;1.38699;0.10273499999999999;1.410645;-0.13878000000000001;1.4554799999999999;-0.301365;1.2808199999999998;-0.13014;1.448625;0.0;1.0
172;1.0;0.0;1.5;0.36252;1.5;0.72885;1.5;1.094595;1.5;1.5;1.5;1.5;1.5;1.5;1.5;1.15692;1.5;1.5;1.5;1.5;1.1170200000000001;1.5;1.344705;1.5;0.96942;1.5;0.573825;1.5;0.16228499999999998;1.5;-0.26055;1.5;-1.220745;0.0;1.0
173;1.0;0.0;1.47273;0.0;1.329405;0.04696499999999999;1.2937349999999999;0.06858;1.2000000000000002;0.0;1.036365;0.068175;1.190145;0.12654;1.1567699999999999;0.143685;0.940905;0.38182499999999997;1.02273;0.190905;1.06011;0.18912;1.0290599999999999;0.202395;1.118175;0.340905;0.968715;0.22631999999999997;1.009095;0.040905;0.910725;0.246975;0.8826;0.0;1.0
174;0.0;0.0;1.5;-1.5;0.0;0.0;0.0;0.0;1.5;1.5;1.5;-1.5;-1.078125;1.5;0.0;0.0;-1.5;1.5;1.5;1.5;-1.5;1.5;1.5;0.84375;-1.5;1.5;1.5;1.5;1.5;-1.5;1.5;1.5;1.5;0.0;0.0
175;1.0;0.0;0.8999999999999999;0.049995;0.9499949999999999;0.10000499999999998;1.0499999999999998;0.10000499999999998;1.0499999999999998;0.0;0.9499949999999999;0.0;1.2000000000000002;0.0;1.099995;0.0;1.0499999999999998;0.15000000000000002;1.000005;0.15000000000000002;1.099995;-0.049995;1.150005;0.0;0.9499949999999999;0.199995;0.98898;0.15252000000000002;0.8999999999999999;0.199995;0.8999999999999999;0.25000500000000003;0.9499949999999999;0.0;1.0
176;1.0;0.0;1.35174;0.249105;1.189485;0.560685;1.09485;0.757725;0.89676;1.0949550000000001;0.6645449999999999;1.2172800000000001;0.36618;1.312395;0.09657000000000002;1.27557;-0.189165;1.31094;-0.43108499999999994;1.194255;-0.699525;0.9888600000000001;-0.857025;0.807075;-1.022385;0.5992649999999999;-1.0776599999999998;0.387525;-1.0855350000000001;0.16827;-1.072125;-0.082875;-1.015485;0.0;1.0
177;0.0;0.0;-1.5;-1.5;0.0;0.0;-1.5;1.5;1.5;-0.5625;0.0;0.0;0.0;0.0;0.0;0.0;1.5;-1.5;-1.5;-1.5;1.5;-1.5;0.0;0.0;1.5;-1.5;-1.5;1.5;-1.5;-1.5;0.0;0.0;-1.5;0.0;0.0
178;1.0;0.0;1.405035;-0.00285;0.911415;0.64806;1.3847099999999999;-0.601935;1.396845;0.25242000000000003;1.442955;0.135915;1.49514;0.12258;1.37379;0.076455;1.26942;-0.37986000000000003;1.3106849999999999;-0.21723;1.273065;0.391995;1.126215;-0.054615;1.268205;-0.038835;1.3093949999999999;-0.03453;1.47816;0.140775;1.174755;-0.15291;1.287615;0.0;1.0
179;1.0;0.0;1.5;-1.5;1.5;1.5;1.5;-1.5;1.5;-1.5;1.5;-1.5;1.5;-0.0276;1.5;-1.5;1.5;1.5;1.5;-1.283745;1.5;1.5;1.5;-1.5;0.0;0.0;1.5;1.5;1.5;-1.187115;1.5;1.5;1.5;0.0;0.0
180;1.0;0.0;1.5;0.13636500000000001;1.431825;-0.13636500000000001;1.159095;0.0;1.5;0.0;1.431825;0.0;1.5;0.068175;1.363635;-0.068175;1.5;0.0;1.5;0.0;1.2954599999999998;0.13636500000000001;1.159095;0.13636500000000001;1.363635;0.068175;1.3731149999999999;0.043455;1.431825;0.13636500000000001;1.2954599999999998;-0.13636500000000001;1.2954599999999998;0.0;1.0
181;1.0;0.0;1.4112;0.17899500000000002;1.28607;0.01557;1.27686;0.02319;1.15449;-0.00417;1.2668849999999998;0.16374;1.249335;0.045405;1.2402;0.05259;1.12257;0.029144999999999997;1.200285;0.036074999999999996;1.21293;0.073515;1.203885;0.08027999999999999;1.16004;0.0333;1.18587;0.093525;1.289085;0.138765;1.167945;0.10635;1.159035;0.0;1.0
182;1.0;0.0;1.3033350000000001;-0.10666500000000001;1.5;-0.03741;1.5;-0.10333500000000001;1.31667;0.0033300000000000005;1.25334;-0.09666;1.5;-0.10930500000000001;1.5;-0.30000000000000004;1.3033350000000001;0.07999500000000001;1.32;-0.05667;1.5;-0.17289;1.5;-0.280005;1.26666;0.05334;1.5;-0.21243;1.23333;-0.220005;1.5;-0.234135;1.5;0.0;1.0
183;1.0;0.0;1.279065;0.08139;1.5;0.121035;1.5;1.5;1.372095;-0.011625;1.2558150000000001;0.058140000000000004;1.5;0.40729499999999996;1.5;1.5;1.2209249999999998;0.06976500000000001;1.36047;0.17442;1.5;0.7600500000000001;1.5;-1.5;1.2093;0.058140000000000004;1.5;1.074195;1.2674400000000001;0.104655;1.5;1.309755;1.5;0.0;0.0
184;0.0;0.0;1.5;1.5;1.5;-1.5;0.0;0.0;0.0;0.0;-1.5;-1.5;0.0;0.0;0.0;0.0;-1.5;1.5;1.5;1.5;-1.5;1.5;-1.5;1.5;1.5;-1.5;1.5;1.5;-1.5;1.5;1.5;1.5;0.0;0.0;0.0
185;1.0;0.0;1.491735;0.00789;1.26123;-0.16969499999999998;1.323555;-0.24646500000000002;1.4859149999999999;-0.093855;1.44726;-0.11244;1.278315;0.04449;1.307415;-0.31272;1.408215;-0.194655;1.47447;-0.134025;1.34814;0.0011250000000000001;1.3175400000000002;-0.08823;1.40052;-0.29808;1.313685;-0.26709;1.41441;-0.24871500000000002;1.203795;-0.38611500000000004;1.14879;0.0;1.0
186;1.0;0.0;0.0;0.0;1.4837850000000001;-0.340545;0.283785;-0.08107500000000001;0.0;0.0;1.398645;0.109455;1.5;-0.30000000000000004;1.5;0.105405;1.5;-0.170265;0.0;0.0;1.5;-0.316215;1.5;-0.6243299999999999;0.0;0.0;1.5;-0.26352;0.0;0.0;1.5;-0.38919000000000004;0.433785;0.0;0.0
187;0.0;0.0;1.5;1.5;1.5;-1.5;1.5;1.5;1.5;1.5;1.5;1.5;1.5;1.5;1.5;1.5;1.5;-1.5;-1.5;1.5;-1.5;1.5;-1.5;1.5;1.5;-1.5;1.5;1.5;-1.5;1.5;-1.5;-1.5;-1.5;0.0;0.0
188;1.0;0.0;1.0416599999999998;0.583335;0.0;0.0;-0.494055;1.047615;0.0;0.0;0.0;0.0;0.0;0.0;0.309525;-0.36309;0.31548;0.29166000000000003;0.6964349999999999;1.172625;0.0;0.0;0.0;0.0;1.101195;0.410715;1.1428500000000001;0.95238;0.0;0.0;0.0;0.0;0.0;0.0;0.0
189;1.0;0.0;1.5;-0.05595;1.5;-0.11074500000000001;1.4940149999999999;-0.165585;1.49757;-0.148965;1.484115;-0.20721;1.45011;-0.325425;1.42932;-0.37648499999999996;1.3685399999999999;-0.516;1.3587150000000001;-0.48227999999999993;1.3498649999999999;-0.520365;1.31811;-0.564645;1.2931949999999999;-0.64485;1.2475800000000001;-0.64683;1.221495;-0.638895;1.1687850000000002;-0.7196549999999999;1.126725;0.0;1.0
190;1.0;0.0;0.9411749999999999;-0.117645;1.088235;0.0;0.9117600000000001;-0.117645;0.9411749999999999;-0.176475;1.0294050000000001;-0.176475;1.000005;-0.20587500000000003;0.97059;-0.14706;0.8235299999999999;-0.176475;0.8235299999999999;-0.323535;0.88236;-0.29412;1.000005;-0.352935;0.67647;-0.38235;0.7861349999999999;-0.37002;0.852945;-0.470595;0.6470549999999999;-0.323535;0.705885;0.0;0.0
191;1.0;0.0;0.5301899999999999;-0.20651999999999998;1.040805;-0.036345;1.0229249999999999;-0.053610000000000005;0.835755;-0.091785;0.92754;-0.157005;0.9314850000000001;-0.09790499999999999;0.890415;-0.10933499999999999;0.634065;-0.396135;0.873195;0.07488;0.74604;-0.131565;0.693615;-0.13483499999999998;0.6751199999999999;-0.00846;0.58719;-0.13557;0.53382;-0.15459;0.48348;-0.129555;0.434145;0.0;1.0
192;0.0;0.0;-1.5;1.5;1.5;-1.5;0.0;0.0;0.0;0.0;1.5;-1.5;1.5;1.5;0.0;0.0;1.5;-1.5;0.0;0.0;0.0;0.0;1.5;1.5;-1.5;1.5;1.5;-1.5;-1.5;1.5;-1.5;-1.5;0.0;0.0;0.0
193;1.0;0.0;0.987675;0.654255;0.670215;1.12206;0.079785;1.2765900000000001;-0.48040499999999997;1.2320849999999999;-1.023795;0.7861199999999999;-1.263165;0.10666500000000001;-1.242165;-0.430845;-0.70548;-1.0758750000000001;-0.071385;-1.29003;0.34937999999999997;-1.1447399999999999;0.849945;-0.78192;1.1145;-0.279675;1.12137;0.355695;0.677775;0.8860649999999999;0.30823500000000004;1.15146;-0.277995;0.0;1.0
194;1.0;0.0;1.3231199999999999;-0.21958499999999997;1.4011200000000001;-0.165855;1.3815;-0.24675000000000002;1.324605;-0.25554;1.32693;-0.477135;1.279035;-0.47194500000000006;1.23174;-0.53886;1.210215;-0.50448;1.1286450000000001;-0.70533;1.058325;-0.707295;0.99225;-0.751275;0.919455;-0.72129;0.85206;-0.8194350000000001;0.7526849999999999;-0.89781;0.706125;-0.860655;0.632835;0.0;1.0
195;1.0;0.0;1.495515;0.32515499999999997;1.37949;0.70545;1.15353;0.936225;0.7996800000000001;1.1718;0.55161;1.324365;0.151605;1.24968;-0.102405;1.33911;-0.424035;1.081095;-0.655605;0.9253199999999999;-0.836535;0.7218;-0.9750000000000001;0.53301;-0.96987;0.23862;-0.999765;0.034155;-0.97308;-0.20193;-0.8192250000000001;-0.344235;-0.708015;0.0;1.0
196;1.0;0.0;0.27885000000000004;-0.25000500000000003;0.0;0.0;0.0;0.0;0.0;0.0;0.0;0.0;0.17307;-0.286065;0.0;0.0;0.0;0.0;0.0;0.0;0.0;0.0;-0.07692;-0.09856500000000001;0.11779500000000001;0.13461;0.25962;-0.163455;0.1875;0.144225;0.03846;-0.07211999999999999;0.252405;0.0;0.0
197;0.0;0.0;0.0;0.0;0.0;0.0;0.0;0.0;0.0;0.0;0.0;0.0;0.0;0.0;0.0;0.0;0.0;0.0;0.0;0.0;0.0;0.0;0.0;0.0;0.0;0.0;1.5;-1.5;0.0;0.0;0.0;0.0;0.0;0.0;0.0
198;0.0;0.0;-1.5;1.5;0.0;0.0;0.0;0.0;-1.5;1.5;1.5;1.5;0.0;0.0;0.0;0.0;1.5;-1.5;-1.5;1.5;1.5;1.5;0.0;0.0;-1.5;-1.5;1.5;-1.5;1.5;1.5;-1.5;1.5;0.0;0.0;0.0
199;1.0;0.0;1.5;0.061169999999999995;1.5;0.17973;1.5;0.24238500000000002;1.5;0.41881500000000005;1.480545;0.463335;1.391175;0.564585;1.36677;0.5962350000000001;1.229085;0.690885;1.1792850000000001;0.70491;1.191;0.84423;1.054965;0.8719349999999999;1.006155;0.895845;0.883545;0.9148499999999999;0.80928;0.91398;0.6796800000000001;0.95454;0.60663;0.0;1.0
200;1.0;0.0;1.351065;0.026595;1.5;-0.026595;1.351065;0.010635;1.27128;0.08510999999999999;1.5;0.05319;1.46808;0.015960000000000002;1.4627700000000001;0.05319;1.5;-0.047865000000000005;1.34574;-0.047865000000000005;1.29255;0.117015;1.5;0.1383;1.351065;0.06915;1.4145750000000001;0.048705;1.420215;0.03723;1.5;0.015960000000000002;1.404255;0.0;1.0
201;1.0;0.0;1.0132050000000001;0.06792000000000001;1.154715;-0.15849000000000002;1.1603700000000001;0.05661000000000001;0.99057;-0.06792000000000001;0.9679199999999999;0.016980000000000002;1.0018799999999999;-0.20943;1.0811250000000001;-0.033960000000000004;1.154715;0.130185;0.928305;-0.11887500000000001;1.137735;-0.35661;1.1094300000000001;-0.22075499999999998;1.27359;-0.22641;1.10829;-0.087015;1.0018799999999999;0.033960000000000004;1.296225;0.05661000000000001;1.09812;0.0;1.0
202;1.0;0.0;1.4197350000000002;0.013380000000000001;1.459305;-0.0039;1.48383;0.00558;1.4370150000000002;0.02397;1.4108100000000001;0.05295;1.4581950000000001;0.070785;1.4793749999999999;0.02787;1.414155;0.107025;1.478265;-0.01059;1.46655;0.07469999999999999;1.44537;0.10647000000000001;1.39911;0.121515;1.428645;0.06534000000000001;1.462095;0.01227;1.467675;0.10591500000000001;1.5;0.0;1.0
203;1.0;0.0;1.06305;-0.371745;0.9652200000000001;0.06522;0.678255;0.573915;0.9782550000000001;0.273915;0.75;0.40435499999999996;0.86739;-0.345645;0.7565249999999999;0.56739;0.5804400000000001;-0.639135;0.541305;-0.391305;0.40435499999999996;0.176085;0.7986900000000001;-0.057675;0.46956;-0.18261;0.74895;-0.06395999999999999;0.72522;-0.06672;0.9652200000000001;-0.378255;0.7565249999999999;0.0;1.0
204;1.0;0.0;0.035054999999999996;-0.008879999999999999;-0.14886;-0.179235;-0.011445;-0.17736;0.22059;0.099555;0.05678999999999999;-0.09453;0.0;0.0;-0.06858;-0.23310000000000003;-0.005145;-0.15294;-0.173625;-0.08121;0.02757;0.055035;0.022785;0.013320000000000002;0.052695000000000006;-0.023025;-0.0486;0.138345;-0.11788499999999999;0.01098;0.0;0.0;-0.000585;0.0;0.0
205;1.0;0.0;1.476825;-0.04104;1.4708700000000001;-0.061560000000000004;1.5;-0.114525;1.4808;0.02184;1.42917;-0.03906;1.4775;-0.11187;1.49073;-0.107235;1.4609400000000001;-0.14298;1.4589599999999998;-0.18336;1.4894100000000001;-0.07877999999999999;1.42917;-0.13371;1.46028;-0.125115;1.449795;-0.19368000000000002;1.4020350000000001;-0.22374;1.45698;-0.236325;1.45167;0.0;1.0
206;1.0;0.0;0.29198999999999997;0.085875;0.06297;0.377865;-0.158355;0.73299;-0.27481500000000003;-0.27481500000000003;-0.629775;0.09160499999999999;-0.6813;0.1374;-0.24617999999999998;-0.45801000000000003;-0.15457500000000002;-0.5954250000000001;0.28053;-0.263355;0.51018;-0.17929499999999998;0.42939000000000005;-0.240465;0.324675;0.37038;0.058695;0.46637999999999996;-0.057255;0.39503999999999995;-0.25191;0.25191;-0.452295;0.0;1.0
207;1.0;0.0;1.441305;0.1293;1.4514;0.28918499999999997;1.44039;0.41176499999999994;1.47066;0.52578;1.393005;0.694215;1.293975;0.787755;1.2423000000000002;0.88191;1.09863;1.035975;1.035045;1.0971000000000002;0.8170950000000001;1.0323;0.725085;1.1429550000000002;0.609225;1.120335;0.501015;1.2569400000000002;0.37416;1.290915;0.20633999999999997;1.302525;0.13572;0.0;1.0
208;1.0;0.0;1.5;0.772725;0.681825;0.499995;0.090915;0.5454600000000001;-0.48156;1.09593;-0.681825;0.727275;-0.8636400000000001;0.0;-0.8636400000000001;-0.181815;-0.499995;-0.727275;-0.13636500000000001;-1.27272;0.727275;-0.8636400000000001;0.8636400000000001;-0.63636;1.5;-0.59091;1.094415;0.184965;1.45455;0.8636400000000001;0.36363;0.5454600000000001;0.13636500000000001;0.0;1.0
209;1.0;0.0;-0.009615;-0.75;0.0;0.0;-0.028845000000000003;1.5;0.0;0.0;0.0;0.0;0.0;0.0;0.0;0.0;0.0;0.0;0.47114999999999996;1.3942350000000001;-0.52884;1.1153849999999998;-0.519225;-1.211535;0.0;0.0;-0.9230700000000001;-0.7692300000000001;0.0;0.0;0.0;0.0;0.0;0.0;0.0
210;1.0;0.0;0.0;0.0;0.0;0.0;0.0;0.0;0.0;0.0;0.932925;1.5;0.0;0.0;0.0;0.0;0.548775;-1.079265;0.84147;-1.5;0.0;0.0;0.0;0.0;0.0;0.0;1.5;0.16464;0.0;0.0;0.0;0.0;0.0;0.0;0.0
211;1.0;0.0;1.23936;0.12233999999999999;1.1861700000000002;-0.12233999999999999;1.35639;-0.026595;1.39362;0.015960000000000002;1.20213;0.132975;1.420215;-0.010635;1.41489;0.0;1.39893;0.303195;1.425525;-0.010635;1.372335;0.010635;1.20744;0.10638;1.367025;0.23935499999999998;1.342905;0.122475;1.1648999999999998;0.10107;1.3882949999999998;0.27127500000000004;1.3882949999999998;0.0;1.0
212;1.0;0.0;1.5;-0.009179999999999999;1.5;-0.14751;1.5;-0.114735;1.5;-0.15907500000000002;1.5;-0.166095;1.5;-0.5923350000000001;1.5;-0.23424;1.3818599999999999;-0.47826;1.297095;-0.51801;1.3753950000000001;-0.66108;1.4409;-0.70299;1.22811;-0.60558;1.240215;-0.6334650000000001;1.13676;-0.573465;1.20672;-0.608625;1.11531;0.0;1.0
213;1.0;0.0;0.992415;-1.5;1.5;1.5;1.5;-1.009815;1.213395;-0.60669;1.5;-1.5;1.5;-1.3406250000000002;1.5;1.100895;0.263835;1.06473;1.5;1.1705400000000001;1.5;1.27902;1.5;-1.5;1.5;1.2803550000000001;1.5;-0.12856499999999998;1.43973;-0.54375;1.5;0.97902;1.5;0.0;0.0
214;1.0;0.0;1.5;-0.017685;1.5;-0.005145;1.5;-0.023475000000000003;1.5;-0.023475000000000003;1.5;-0.042135;1.5;-0.032805;1.49742;-0.046305;1.49292;-0.04857;1.48971;-0.05178000000000001;1.5;-0.058214999999999996;1.5;-0.075585;1.5;-0.073965;1.49763;-0.082905;1.491;-0.09456;1.485855;-0.097455;1.484565;0.0;1.0
215;1.0;0.0;1.453995;0.01314;1.5;0.012645;1.47987;-0.011445;1.46802;-0.042660000000000003;1.4973;-0.05265;1.5;-0.019065000000000002;1.5;-0.038715;1.5;-0.017625000000000002;1.4772750000000001;0.000375;1.5;-0.03918;1.5;-0.07116;1.440285;-0.067905;1.48782;-0.052094999999999995;1.4552999999999998;-0.03717;1.5;-0.057825;1.4763;0.0;1.0
216;1.0;0.0;1.5;-1.5;0.0;0.0;1.1691150000000001;-1.488975;1.21323;0.827205;-0.62868;-1.422795;0.0;0.0;0.0;0.0;1.0808849999999999;-1.15809;1.102935;-0.90441;0.0;0.0;0.27573000000000003;-1.5;-1.5;-1.5;-1.5;-1.5;1.5;-1.5;1.5;-1.5;0.0;0.0;0.0
217;1.0;0.0;1.5;0.12019500000000001;1.451625;-0.0072299999999999994;1.450245;-0.01083;1.3197;-0.058845;1.5;0.021285;1.44279;-0.02154;1.439205;-0.025064999999999997;1.477455;0.015029999999999998;1.36728;-0.13272;1.42524;-0.035460000000000005;1.41954;-0.038865;1.4724599999999999;0.030045;1.40658;-0.045509999999999995;1.5;-0.087645;1.39161;-0.05195999999999999;1.38339;0.0;1.0
218;1.0;0.0;1.5;0.025635;1.443225;-0.04712999999999999;1.5;-0.05154;1.5;-0.076065;1.48539;-0.10638;1.487595;-0.13503;1.5;-0.23590499999999998;1.5;-0.21385500000000002;1.47465;-0.177195;1.5;-0.277785;1.5;-0.28908;1.484565;-0.331245;1.44735;-0.303645;1.418985;-0.256845;1.44654;-0.338415;1.3051650000000001;0.0;1.0
219;1.0;0.0;1.12278;-0.042165;0.9852000000000001;-0.07767;1.209315;0.042165;1.289205;0.037724999999999995;0.9519299999999999;0.13091999999999998;1.0739699999999999;0.1176;1.096155;0.07767;1.17825;-0.417165;0.9896400000000001;-0.022185;1.1804700000000001;0.104295;0.519225;-0.279585;0.9807750000000001;0.042165;0.915135;-0.099555;0.80325;-0.31731;0.8853599999999999;-0.21079499999999998;0.845415;0.0;1.0
220;1.0;0.0;1.5;0.176475;1.5;0.352935;1.5;0.61764;1.5;0.08823;1.5;0.352935;1.5;0.176475;1.5;0.705885;1.5;-0.08823;1.5;-0.176475;1.5;0.5294099999999999;1.5;0.61764;1.5;-0.176475;1.5;0.303375;1.5;0.08823;1.5;0.5294099999999999;1.5;0.0;1.0
221;1.0;0.0;1.5;-0.56757;0.9729749999999999;0.44595;0.9729749999999999;-0.36486;1.2972899999999998;0.283785;1.5;-0.405405;0.770265;0.0;0.9324299999999999;-0.08107500000000001;0.48648;-0.32433;1.077495;-0.26499;0.9324299999999999;0.08107500000000001;1.13514;0.20271;0.527025;-0.44595;0.915465;-0.332445;0.87717;-0.345405;1.094595;-0.8918849999999999;0.770265;0.0;1.0
222;1.0;0.0;1.08621;-0.01626;1.19556;0.01626;1.2000000000000002;0.002955;1.185225;0.01626;1.17636;-0.014775;1.25025;0.048764999999999996;1.276845;0.025125;1.201485;-0.01182;1.186695;-0.04434;1.139415;0.05025;1.12167;0.082755;1.089165;-0.02217;1.1706150000000002;0.009179999999999999;1.111335;-0.075375;1.24434;0.04434;1.185225;0.0;1.0
223;1.0;0.0;1.5;0.9532200000000001;1.5;1.5;1.156845;1.5;-0.499995;1.5;-1.5;1.5;0.0;1.5;-1.5;1.5;-1.5;0.0;-1.5;-1.000005;-1.5;-1.38804;-1.5;-0.499995;-0.499995;-1.5;0.288525;-1.5;1.5;-1.5;0.0;-1.5;1.5;0.0;1.0
224;1.0;0.0;1.34115;0.20137500000000003;1.305015;0.473145;1.18344;0.65082;0.95082;0.899625;0.810045;1.06524;0.595485;1.142415;0.36399;1.192845;0.13701000000000002;1.19397;-0.137385;1.143915;-0.303015;1.00389;-0.45394500000000004;0.9391499999999999;-0.6082799999999999;0.7573349999999999;-0.693225;0.611295;-0.75471;0.40878;-0.792345;0.28758;-0.73212;0.0;1.0
225;0.0;0.0;1.5;1.5;1.5;-1.5;1.5;1.5;-1.5;1.5;0.0;0.0;1.5;1.5;0.0;0.0;0.0;0.0;-1.5;1.5;-1.5;1.5;1.5;1.5;1.5;-1.5;1.5;1.5;1.5;1.5;1.5;-1.5;-1.5;0.0;0.0
226;1.0;0.0;0.42613500000000004;-0.47727;0.0;0.0;1.02273;-1.5;0.46023;1.437495;0.9659099999999999;0.096585;0.5227200000000001;-1.27272;0.0;0.0;0.8863650000000001;-0.539775;0.67614;-1.21023;0.0;0.0;0.0;0.0;0.36363;0.267045;1.5;-0.35796;0.090915;-0.727275;0.24431999999999998;-1.0511400000000002;0.0;0.0;0.0
227;1.0;0.0;-1.5;1.5;-1.5;0.22865999999999997;0.42531;1.5;-1.5;1.5;-1.5;-1.5;1.5;1.5;-1.5;-0.35214;0.424515;-1.5;1.5;1.5;-0.47103000000000006;-1.5;-1.5;-1.5;1.5;-1.5;-1.5;-0.053669999999999995;1.5;-1.5;-1.5;-0.48475500000000005;0.22408499999999998;0.0;0.0
228;1.0;0.0;-1.019025;-1.5;-1.5;1.5;1.5;0.949755;0.052725;-1.5;-1.5;-1.5;1.5;1.5;1.3302450000000001;-1.5;-1.5;1.5;1.2576;1.5;1.5;-1.5;-1.5;-1.5;-0.28284;1.5;1.5;-1.5;-1.5;-1.5;-1.5;1.5;1.5;0.0;0.0
229;1.0;0.0;1.272645;0.10191;1.20843;-0.034485;1.155465;-0.049485;1.000875;-0.0993;0.89373;-0.11499000000000001;1.0089;-0.086565;0.9639;-0.09657000000000002;0.587985;0.06795;1.06881;0.020909999999999998;0.83955;-0.120585;0.80145;-0.126795;0.70557;-0.34233;0.729885;-0.13692;0.789195;-0.128055;0.664155;-0.144315;0.633345;0.0;1.0
230;1.0;0.0;0.436095;0.150375;0.34962000000000004;0.259395;0.056385;0.5150399999999999;0.18045;0.39474;0.09398999999999999;0.31954499999999997;-0.070875;0.191505;-0.094995;0.118605;-0.09492;0.061454999999999996;-0.081465;0.02112;-0.062490000000000004;-0.0042;-0.04314;-0.01764;-0.026325;-0.022574999999999998;-0.01329;-0.022125;-0.0042;-0.018750000000000003;0.00144;-0.01422;0.00435;0.0;1.0
231;1.0;0.0;1.370295;1.2237900000000002;-1.094595;1.5;-0.59199;0.836025;0.08107500000000001;0.44595;-0.278985;-0.153615;-0.047369999999999995;-0.13455;0.021015;-0.05104499999999999;0.01662;-0.008055;0.00513;0.0014550000000000001;0.00072;0.0011250000000000001;-4.5e-05;0.000285;-4.5e-05;3.0000000000000004e-05;-1.5000000000000002e-05;0.0;0.0;0.0;0.0;0.0;0.0;0.0;0.0
232;1.0;0.0;1.3066650000000002;0.06489;1.19919;0.274455;1.485135;0.43938;1.341825;-0.125055;1.32897;-0.03042;1.35669;-0.40086;1.34115;0.29946;1.32966;-0.06963;1.26678;-0.014865;1.4682300000000001;-0.5103599999999999;1.18431;-0.37651500000000004;1.299915;-0.137895;1.2895050000000001;-0.043620000000000006;1.18161;-0.061515;1.139025;0.32718;1.3235700000000001;0.0;1.0
233;1.0;0.0;1.12056;-0.19861499999999999;0.806325;0.25494;1.090905;0.14229;1.043475;-0.166005;1.00197;-0.35277000000000003;1.319175;-0.28755000000000003;1.105725;0.06225;0.9456450000000001;-0.005925000000000001;0.95454;-0.17787;1.188735;-0.37944;0.9960450000000001;-0.42984;1.0079099999999999;-0.15711;0.927705;-0.180615;0.9011850000000001;-0.31423500000000004;0.5632349999999999;0.10375499999999999;0.9160050000000001;0.0;1.0
234;1.0;0.0;0.898305;0.220335;1.04802;-0.20904;1.27683;-0.20904;1.214685;0.036719999999999996;0.757065;0.042375;1.0113;-0.0678;1.211865;-0.20622;0.77118;-0.36723;1.22316;-0.21469500000000002;1.0536750000000001;-0.005655;0.499995;0.093225;0.841815;-0.49717500000000003;0.9216599999999999;-0.252555;0.7909649999999999;-0.031079999999999997;0.807915;-0.46893;1.0113;0.0;1.0
235;1.0;0.0;1.40958;0.42123;1.20729;0.7923149999999999;0.8725050000000001;1.097265;0.524415;1.207665;0.161955;1.356045;-0.30022499999999996;1.340025;-0.59595;1.232445;-0.882525;0.9430049999999999;-1.1445750000000001;0.60552;-1.21893;0.28332;-1.219755;-0.06426000000000001;-1.129095;-0.403245;-0.948555;-0.69657;-0.69633;-0.92169;-0.39583500000000005;-1.062525;-0.134055;0.0;1.0
236;1.0;0.0;0.974205;-0.11844;0.8739600000000001;-0.2157;-0.19693499999999997;-0.32076;0.44694;0.06604499999999999;0.5714400000000001;-0.395085;0.43396500000000005;-0.47995499999999996;0.051885;-0.284205;0.304035;-0.441615;0.22794000000000003;-0.43578;0.14269500000000002;-0.47287499999999993;0.09833999999999998;-0.40192500000000003;0.04506;-0.37686000000000003;-0.0006900000000000001;-0.34815;-0.03918;-0.316935;-0.070755;-0.28425;0.020040000000000002;0.0;1.0
237;1.0;0.0;1.1112600000000001;0.07461;1.18611;0.038145;1.1786249999999998;0.056895;0.9934499999999999;0.14922;1.017015;0.46728000000000003;1.13901;0.11022000000000001;1.120425;0.12663;1.0602150000000001;-0.11779500000000001;0.9541949999999999;0.0;1.0503149999999999;0.170325;1.022745;0.182775;1.00524;0.23167500000000002;0.9623700000000001;0.20412000000000002;0.9856050000000001;0.263085;0.896385;0.22045499999999998;0.8618250000000001;0.0;1.0
238;1.0;0.0;1.13346;0.74457;1.25325;0.814515;0.8237399999999999;1.080945;0.528375;1.06188;0.20203500000000002;1.421235;-0.14727;1.4066699999999999;-0.56406;1.233345;-0.79113;1.067415;-1.02537;1.019835;-1.052445;0.37434;-1.187205;0.044925;-1.48482;-0.436485;-1.05528;-0.49188;-0.9496800000000001;-0.287775;-0.511965;-0.9068099999999999;-0.294135;0.0;1.0
239;1.0;0.0;0.6289800000000001;0.18723;0.5249999999999999;0.1875;0.34773;0.41932500000000006;-0.054540000000000005;0.6647700000000001;0.06775500000000001;0.54291;-0.286365;0.50454;-0.20025;0.40983;0.040905;0.6068250000000001;-0.521595;0.190905;-0.30042;0.07617;-0.27954;0.5454600000000001;-0.21004499999999998;-0.07203;-0.149565;-0.10671;-1.5;-1.5;-0.04374;-0.11196;-0.00789;0.0;0.0
240;1.0;0.0;1.48233;0.032805;1.3965299999999998;0.5115000000000001;1.2585600000000001;0.52833;1.12059;0.73359;1.10376;0.7781849999999999;0.8261400000000001;0.9026850000000001;0.64695;0.993555;0.477;1.056645;0.425685;1.0330949999999999;0.11272499999999999;1.10544;0.09507000000000002;1.06926;-0.24733500000000003;1.04571;-0.24834;0.90765;-0.24313500000000002;0.837075;-0.520755;0.662925;-0.502245;0.0;1.0
241;1.0;0.0;0.8768850000000001;-0.5328900000000001;1.5;0.53007;1.13064;-0.00846;1.237785;0.290415;0.75282;-0.41448;0.989655;0.09586499999999999;1.046055;0.21993000000000001;1.08552;-0.640035;1.1419199999999998;0.067665;1.003755;0.30733499999999997;1.2716100000000001;-0.6146550000000001;0.97275;-0.07048499999999999;0.85254;-0.158565;0.7923;-0.20018999999999998;0.23403;-0.18327;0.671505;0.0;1.0
242;1.0;0.0;1.5;-0.81315;1.5;-1.5;1.5;-1.5;1.5;0.543255;1.5;-0.616785;1.5;1.5;1.5;-1.5;1.5;-0.44031000000000003;1.5;-1.403985;1.5;1.5;1.5;1.5;1.5;-0.6133200000000001;1.5;-0.9411749999999999;1.5;-1.5;1.5;-1.5;1.5;0.0;0.0
243;1.0;0.0;0.742725;0.145635;0.44418;0.08737500000000001;0.524265;0.0;0.8592299999999999;-0.036405;0.87378;0.036405;0.502425;0.07281;0.786405;0.007275;0.706305;-0.1602;0.64806;0.007275;0.524265;0.08737500000000001;0.28398;0.38592000000000004;0.46602;-0.22573500000000002;0.548205;0.057225000000000005;0.5898;0.26214;0.39320999999999995;0.0;0.560685;0.0;1.0
244;1.0;0.0;0.05778;0.03852;0.00642;0.0;0.029955000000000002;-0.029955000000000002;0.0321;-0.074895;-0.07275000000000001;-0.01926;0.021405;-0.03423;0.0;-0.049214999999999995;-0.07061999999999999;-0.042795;-0.02568;0.053489999999999996;0.0321;0.00642;0.07704;-0.03423;0.07704;0.02781;0.059910000000000005;0.023535;0.029955000000000002;0.010695;-0.03852;-0.02781;-0.021405;0.0;0.0
245;1.0;0.0;0.25782;-1.5;-1.5;1.5;0.0;0.0;0.0;0.0;-1.5;1.5;0.0;0.0;-0.92031;-1.01562;1.207815;0.54219;0.779685;0.21562499999999998;0.0;0.0;-1.5;-0.406245;-1.27188;1.44375;1.5;1.5;-1.5;1.01562;0.0;0.0;0.0;0.0;0.0
246;1.0;0.0;0.76398;-1.40994;1.5;0.40062;-0.0528;-1.5;1.5;-1.5;0.655275;-1.5;0.0;0.0;-1.5;-0.5139750000000001;-0.565215;0.054345;1.5;-1.5;0.0;0.0;0.0;0.0;-0.243795;1.38354;0.5962799999999999;0.39751500000000006;0.0;0.0;1.5;0.34782;0.0;0.0;0.0
247;1.0;0.0;1.5;1.5;0.0;0.0;1.5;-1.5;-1.5;-1.5;1.5;1.5;1.5;-1.5;0.0;0.0;1.5;-1.5;1.5;1.5;0.0;0.0;1.5;-1.5;-1.5;-1.5;1.5;1.5;-1.5;1.5;-1.5;1.5;0.0;0.0;0.0
248;1.0;0.0;0.0;0.0;0.0;0.0;1.5;1.5;-1.5;-1.5;0.0;0.0;1.5;-0.166665;0.0;0.0;0.0;0.0;-1.5;1.5;1.5;1.5;1.5;-1.5;0.0;0.0;1.5;-1.5;0.0;0.0;0.0;0.0;1.5;0.0;0.0
249;1.0;0.0;1.5;-0.02013;1.5;0.02349;1.5;-0.0033599999999999997;1.5;0.09396;1.466445;0.06711;1.439595;0.043620000000000006;1.5;0.09731999999999999;1.483215;0.050339999999999996;1.5;0.053685000000000004;1.49664;0.14094;1.436235;0.11074500000000001;1.5;0.151005;1.499835;0.131445;1.486575;0.127515;1.5;0.151005;1.5;0.0;1.0
250;1.0;0.0;1.36764;-0.13236;1.4558849999999999;0.26470499999999997;1.235295;0.13236;1.36764;-0.044115;1.4558849999999999;-0.26470499999999997;1.4558849999999999;0.22059;1.41177;0.044115;1.5;0.0;1.5;0.0;1.147065;0.176475;1.323525;0.044115;1.27941;0.044115;1.389945;0.039;1.41177;-0.176475;1.4558849999999999;0.08823;1.36764;0.0;1.0
251;1.0;0.0;-0.8127;0.22291499999999997;-0.5061899999999999;1.100625;0.7801800000000001;-0.20898;0.478335;-0.102165;0.311145;-0.22755;0.71052;0.13467;0.845205;-0.2322;0.24613500000000002;0.678015;0.5061899999999999;0.051089999999999997;0.75696;0.106815;-0.9566549999999999;-0.92415;1.5;0.984525;0.62022;-0.60174;-0.22755;0.16719;0.035985;0.8373;0.78948;0.0;0.0
252;1.0;0.0;1.5;-0.621855;1.5;1.1419650000000001;1.3059;0.278895;1.5;-0.148875;1.4076600000000001;0.71985;0.98178;-0.2412;1.5;0.013184999999999999;1.4641950000000001;-0.7518900000000001;1.200375;-0.367455;1.320975;-0.28642500000000004;1.5;-0.18467999999999998;1.4038950000000001;0.16017;1.3933499999999999;-0.108735;1.5;-0.410805;0.65955;0.29773499999999997;0.7707300000000001;0.0;1.0
253;1.0;0.0;-0.984375;0.234375;0.09375;0.0;0.0;0.09375;0.9375;0.09375;0.28125;0.0;-0.046875;0.140625;0.09375;0.0;0.234375;-0.234375;0.65625;-0.5625;0.0;-0.140625;0.0;0.0;0.046875;-0.703125;0.046875;0.0;-1.078125;0.046875;-0.046875;0.0;0.0;0.0;0.0
254;1.0;0.0;1.5;-1.3005149999999999;1.5;0.3342;1.28238;-0.59844;1.5;-0.18134999999999998;1.5;0.527205;1.5;0.11657999999999999;1.5;-0.221505;1.5;-1.5;1.5;-1.5;0.927465;0.237045;1.5;0.935235;1.5;-0.25517999999999996;1.5;0.53886;1.5;-0.9974099999999999;1.5;1.32642;1.5;0.0;0.0
255;1.0;0.0;1.5;1.5;0.0;0.0;0.0;0.0;0.0;0.0;0.7161599999999999;-1.33647;-0.7725600000000001;0.682335;-1.4323350000000001;0.42856500000000003;0.96993;1.5;0.0;0.0;0.0;0.0;0.93045;0.304515;-1.5;-1.5;1.5;-1.5;1.5;1.5;0.0;0.0;0.0;0.0;0.0
256;1.0;0.0;1.3582049999999999;0.616695;0.98031;1.121415;0.44881499999999996;1.438575;-0.20013000000000003;1.4672999999999998;-0.7835400000000001;1.248945;-1.194855;0.82629;-1.449465;0.22788;-1.395015;-0.38331;-1.077945;-0.8906850000000001;-0.62319;-1.2780749999999999;-0.03375;-1.4068200000000002;0.54477;-1.28052;1.01307;-0.9293849999999999;1.289655;-0.42184499999999997;1.32981;0.14700000000000002;1.132425;0.0;1.0
257;1.0;0.0;1.5;0.1107;1.5;0.0513;1.5;-0.08344499999999999;1.5;0.13146;1.5;0.294765;1.5;0.30491999999999997;1.5;0.19177499999999997;1.5;0.158415;1.5;0.406305;1.5;0.67137;1.5;0.62625;1.5;0.300495;1.5;0.551145;1.434045;0.729615;1.5;0.48738;1.5;0.0;1.0
258;1.0;0.0;1.32165;0.0;1.4222549999999998;-0.04116;1.4039700000000002;-0.0183;1.35366;0.027435;1.35366;0.027435;1.4085299999999998;0.013725000000000001;1.4359799999999998;0.004575;1.5;0.04116;1.4131049999999998;-0.0183;1.36281;0.036585;1.3719450000000002;0.08232;1.495425;0.07317;1.3449900000000001;0.033389999999999996;1.36281;0.013725000000000001;1.5;0.08232;1.463415;0.0;1.0
259;1.0;0.0;1.5;1.01676;1.219635;1.230315;0.645285;1.5;0.30928500000000003;1.2081149999999998;-0.65808;1.5;-1.187025;1.15638;-1.5;0.60402;-0.5856899999999999;-0.87951;-1.468605;-0.64233;-1.096245;-1.145085;-0.5650649999999999;-1.4623650000000001;0.62049;-1.5;0.62667;-1.39944;0.386595;-1.5;1.40355;-0.52833;1.48224;0.0;1.0
260;1.0;0.0;1.5;1.5;1.5;0.7687499999999999;0.9375;-1.5;1.5;1.5;0.037500000000000006;0.046875;1.5;1.5;0.0;0.0;1.5;-1.5;1.5;1.5;1.5;1.5;0.46875;1.5;1.5;1.5;1.5;1.5;1.5;1.5;-1.415625;1.5;0.0;0.0;0.0
261;1.0;0.0;1.2514049999999999;0.586815;0.8106;1.178685;0.18489;1.34103;-0.498315;1.25367;-1.05129;0.8934599999999999;-1.2993299999999999;0.328635;-1.26663;-0.36246;-0.89571;-0.9284100000000001;-0.29030999999999996;-1.316805;0.186585;-1.33596;0.7666350000000001;-1.0868099999999998;1.187145;-0.41601;1.24512;0.13077;0.99888;0.736185;0.5631299999999999;1.050165;-0.05974499999999999;0.0;1.0
262;0.0;0.0;1.5;1.5;0.0;0.0;1.5;-1.5;1.5;-1.5;1.5;1.5;1.5;1.5;1.5;-1.5;1.5;1.5;1.5;1.5;1.5;-1.5;-1.5;-1.5;1.5;-1.5;1.5;-1.5;1.5;1.5;0.0;0.0;1.5;0.0;0.0
263;1.0;0.0;1.217145;0.055709999999999996;1.277145;-0.002145;1.185;0.010709999999999999;1.193565;-0.06429;1.313565;0.0;1.2835649999999998;-0.10071000000000001;1.296435;0.00429;1.242855;-0.081435;1.215;-0.17785499999999999;1.152855;-0.12643500000000002;1.2642900000000001;-0.07500000000000001;1.155;-0.102855;1.22397;-0.130035;1.2385650000000001;-0.156435;1.221435;-0.07500000000000001;1.232145;0.0;1.0
264;1.0;0.0;-0.40000500000000005;0.6000000000000001;-0.409545;0.18238500000000002;-0.26666999999999996;-0.06666;0.09288;-0.103185;0.066915;0.038625;-0.013275;0.040889999999999996;-0.02379;-0.00249;-0.001395;-0.013245;0.007050000000000001;-0.0022949999999999997;0.00207;0.0035700000000000003;-0.00171;0.0015300000000000001;-0.001035;-0.00075;0.000285;-0.000645;0.00038999999999999994;7.500000000000001e-05;0.0;0.000225;-0.00012000000000000002;0.0;0.0
265;1.0;0.0;1.030935;1.5;1.3795950000000001;-1.141305;1.2265949999999999;0.06522;1.141305;0.16053;1.301835;1.10619;1.051005;0.273405;1.1388;0.20567999999999997;1.4021700000000001;-0.37626000000000004;1.06104;0.28093500000000005;0.973245;0.36873;0.9030150000000001;1.161375;1.5;-0.80769;1.33893;0.33324;1.06605;0.80769;1.5;-0.09783;0.8478299999999999;0.0;0.0
266;1.0;0.0;1.25262;0.12447;1.106085;-0.22059;1.2652349999999999;-0.083505;1.3566150000000001;-0.06933;1.340865;0.19695000000000001;1.217955;0.10084499999999999;1.189605;-0.133935;1.5;-0.031515;1.449585;0.09927;1.3140749999999999;0.017325;1.162815;0.09927;1.4306699999999999;-0.06303;1.252185;0.0018449999999999999;1.5;0.19222499999999998;1.2999;-0.16071;1.35819;0.0;1.0
267;1.0;0.0;1.29426;0.28964999999999996;1.2138;0.617235;1.008045;0.8367749999999999;0.818385;1.04943;0.550575;1.222995;0.29425500000000004;1.285065;-0.060915;1.29426;-0.25861500000000004;1.136775;-0.5115000000000001;0.986205;-0.722985;0.84138;-0.9034499999999999;0.61494;-0.8885099999999999;0.38620499999999996;-0.94557;0.13227;-0.8586149999999999;-0.11723999999999998;-0.8229900000000001;-0.29884499999999997;-0.64368;0.0;1.0
268;1.0;0.0;0.52041;0.30612;0.704085;0.36735;0.61224;0.30612;0.704085;0.67347;0.45918000000000003;0.8877600000000001;0.183675;0.82653;0.0;0.7653;-0.09183;0.82653;-0.30612;0.82653;-0.42856500000000003;0.67347;-0.42856500000000003;0.489795;-0.9183600000000001;0.336735;-0.698685;0.22342499999999998;-0.8877600000000001;0.275505;-0.52041;0.0;-0.397965;0.0;1.0
269;0.0;0.0;0.0;0.0;1.5;1.5;1.5;1.5;0.0;0.0;0.0;0.0;-1.5;-1.5;0.0;0.0;-1.5;-1.5;0.0;0.0;0.0;0.0;1.5;1.5;0.0;0.0;1.5;1.5;0.0;0.0;-1.5;1.5;0.0;0.0;0.0
270;1.0;0.0;0.08799;-0.012570000000000001;0.10056000000000001;0.012570000000000001;0.0;-0.016755;0.008385;-0.058664999999999995;0.025140000000000003;-0.11313000000000001;-0.008385;0.079605;0.096375;-0.050280000000000005;0.0;0.142455;-0.096375;0.11313000000000001;-0.07123499999999999;0.03771;0.041895;-0.008385;0.012570000000000001;0.008385;0.155025;-0.012570000000000001;0.046095;-0.0041849999999999995;0.067035;0.0;0.07123499999999999;0.0;0.0
271;1.0;0.0;1.419465;0.26247;1.36419;0.497145;1.27644;0.7494;1.10517;0.95763;0.8882249999999999;1.10757;0.7304700000000001;1.25421;0.45688500000000004;1.359975;0.269385;1.401435;-0.010515;1.3966349999999998;-0.2832;1.340745;-0.49534500000000004;1.23738;-0.69801;1.14723;-0.8784449999999999;0.995025;-1.018935;0.7884599999999999;-1.129815;0.63732;-1.21815;0.0;1.0
272;1.0;0.0;1.5;0.42069;1.5;0.037155;1.5;0.11646000000000001;1.5;0.06475500000000001;1.48143;0.49899000000000004;1.5;0.082335;1.5;0.06576;1.43625;-0.36897;1.265565;-0.13002;1.5;0.06225;1.498995;0.41064;1.5;-0.58584;1.44621;-0.03261;1.301205;0.3504;1.4186699999999999;-0.33031499999999997;1.205325;0.0;1.0
273;1.0;0.0;0.64062;-0.75;0.0;0.0;0.0;0.0;0.69687;0.76563;0.88437;0.031245000000000002;0.0;0.0;0.0;0.0;0.24687;-0.681255;0.887505;-0.274995;0.0;0.0;0.0;0.0;1.4812500000000002;-0.612495;-1.5;-1.5;-0.418755;-1.134375;0.0;0.0;0.0;0.0;0.0
274;1.0;0.0;0.9318150000000001;-0.95454;0.0;0.0;0.0;0.0;0.51705;0.43182000000000004;0.642045;0.59091;-0.11363999999999999;0.7784099999999999;0.5454600000000001;0.47158500000000003;-0.8068200000000001;0.494325;0.181815;-0.221595;0.028409999999999998;-0.8011349999999999;-0.8636400000000001;0.267045;0.437505;-0.409095;0.38637;-0.8636400000000001;0.6477299999999999;0.36363;0.27273000000000003;-0.034095;0.255675;0.0;0.0
275;0.0;0.0;-1.5;-1.5;0.0;0.0;0.0;0.0;0.0;0.0;0.0;0.0;0.0;0.0;1.5;-1.5;0.0;0.0;-1.5;-1.5;0.0;0.0;1.5;1.5;1.5;-1.5;1.5;-1.5;0.0;0.0;0.0;0.0;0.0;0.0;0.0
276;1.0;0.0;1.343445;0.568755;1.009665;1.04157;0.53874;1.3304399999999998;-0.062895;1.400175;-0.583125;1.26621;-1.00911;0.93117;-1.2402;0.45533999999999997;-1.2922500000000001;-0.080475;-1.1034599999999999;-0.5141249999999999;-0.77667;-0.9366450000000001;-0.35141999999999995;-1.107825;0.10366500000000001;-1.10784;0.502965;-0.9344399999999999;0.7862100000000001;-0.63129;0.918255;-0.260145;0.901095;0.0;1.0
277;1.0;0.0;0.65454;-0.190905;0.87273;-0.218175;0.27273000000000003;-1.009095;0.5181749999999999;-0.054540000000000005;0.436365;-0.08182500000000001;0.436365;0.436365;0.5454600000000001;-0.62727;0.30000000000000004;-0.027270000000000003;0.5454600000000001;0.08182500000000001;0.190905;0.736365;0.9272699999999999;0.24546;0.49090500000000004;0.24546;0.6164700000000001;-0.105405;0.5181749999999999;-0.08182500000000001;0.190905;-0.5454600000000001;0.436365;0.0;0.0
278;1.0;0.0;1.02222;0.15555;1.155555;0.051855;0.9777750000000001;0.12222;0.91482;-0.00741;1.1851800000000001;0.17778;0.8962950000000001;0.07407;0.937035;0.14445;1.17408;-0.262965;1.107405;-0.16296;0.72963;0.01482;0.91482;0.12222;1.000005;-0.1926;0.9565950000000001;-0.036765;1.148145;0.03333;0.9185249999999999;-0.1074;0.77037;0.0;1.0
279;1.0;0.0;1.323615;0.45951;1.09848;0.86724;0.5116350000000001;0.8779049999999999;0.085755;1.5;-0.13857;1.38177;-0.936045;1.0799400000000001;-1.046505;0.48836999999999997;-1.22133;0.617925;-1.5;-0.011625;-1.184595;-0.616275;-1.153515;-0.68217;-0.85863;-1.014075;-0.47414999999999996;-1.22814;-0.044685;-1.302615;0.38088;-1.2319049999999998;0.0029100000000000003;0.0;1.0
